-- phpMyAdmin SQL Dump
-- version 5.0.2
-- https://www.phpmyadmin.net/
--
-- Servidor: 127.0.0.1
-- Tiempo de generación: 08-10-2020 a las 17:59:05
-- Versión del servidor: 10.4.14-MariaDB
-- Versión de PHP: 7.4.9

SET SQL_MODE = "NO_AUTO_VALUE_ON_ZERO";
START TRANSACTION;
SET time_zone = "+00:00";


/*!40101 SET @OLD_CHARACTER_SET_CLIENT=@@CHARACTER_SET_CLIENT */;
/*!40101 SET @OLD_CHARACTER_SET_RESULTS=@@CHARACTER_SET_RESULTS */;
/*!40101 SET @OLD_COLLATION_CONNECTION=@@COLLATION_CONNECTION */;
/*!40101 SET NAMES utf8mb4 */;

--
-- Base de datos: `empiregaming`
--

DELIMITER $$
--
-- Procedimientos
--
CREATE DEFINER=`root`@`localhost` PROCEDURE `CreateMatch` (IN `id` INT(11), IN `id_tournament` INT(11), IN `team_name` VARCHAR(30), IN `id_user` INT(11), IN `start` DATETIME, IN `finish` DATETIME, IN `id_status` INT(11))  INSERT INTO vw_matches (id, id_tournament, team_name, id_user, start, finish, id_status)
VALUES (id, id_tournament, team_name, id_user, start, finish, id_status)$$

CREATE DEFINER=`root`@`localhost` PROCEDURE `CreateTeam` (IN `id` INT(11), IN `name` VARCHAR(15), IN `id_user` INT(11))  INSERT INTO vw_teams (id, name, id_user)
VALUES (id, name, id_user)$$

CREATE DEFINER=`root`@`localhost` PROCEDURE `CreateTournament` (IN `id` INT(11), IN `name` VARCHAR(30), IN `date` DATETIME, IN `price` VARCHAR(10), IN `num_matches` INT(11), IN `id_user` INT(11))  INSERT into vw_tournaments (id, name, date, price, num_matches, id_user)
VALUES (id, name, date, price, num_matches, id_user)$$

CREATE DEFINER=`root`@`localhost` PROCEDURE `CreateUser` (IN `id` INT, IN `name` VARCHAR(15), IN `email` VARCHAR(20), IN `password` VARCHAR(20), IN `id_status` INT, IN `id_rol` INT)  INSERT into vw_users (id, name, email, password, id_status, id_rol)
VALUES (id, name, email, password, id_status, is_rol)$$

DELIMITER ;

-- --------------------------------------------------------

--
-- Estructura de tabla para la tabla `games`
--

CREATE TABLE `games` (
  `id` int(11) NOT NULL,
  `name` varchar(20) NOT NULL,
  `status_id` int(11) DEFAULT NULL
) ENGINE=InnoDB DEFAULT CHARSET=utf8mb4;

--
-- Volcado de datos para la tabla `games`
--

INSERT INTO `games` (`id`, `name`, `status_id`) VALUES
(1, 'Dota 3', 1),
(4, 'Minecraft', 1),
(12, 'League of leguends', 1),
(13, 'FORNITE', 1),
(14, 'ASDASFD', 2);

-- --------------------------------------------------------

--
-- Estructura de tabla para la tabla `images`
--

CREATE TABLE `images` (
  `id` int(11) NOT NULL,
  `name` varchar(20) NOT NULL,
  `image` blob NOT NULL
) ENGINE=InnoDB DEFAULT CHARSET=utf8mb4;

--
-- Volcado de datos para la tabla `images`
--

INSERT INTO `images` (`id`, `name`, `image`) VALUES
(1, 'default', 0x89504e470d0a1a0a0000000d49484452000000e1000000e10803000000096d2248000000d2504c5445ffffff4613008d756f4203004714004000003e00003c0000471503451000440e00451200420000430b00471500420800360000f5f2f1faf9f8e9e3e0eee9e74d1d0fdfd6d2b3a099f2efeed7cecb380000bdafabe9e4e2866d67d2c7c3ccc0bc2e000099847fa28e886d4639c0b2ad5f382cab979173554d521c008c6d6386665c6d4c445425154d150052281f98817a77514259352e592914806157643b2d633c3064423b89716b4d0e005b2f23a48a81aa9b96977f76724d3f71544d5d2f1d683f2f4c1e147a615c542c24815f526f46359cce875e00000a0e49444154789ced9d0b53da4c17c713b29b6473850d2484485220dc11b4088a58ade8fbfdbfd29b80b63e56abd5ec393c7df8cd743abdcc74ffddcbb9ecd913493a70e0c08103070e1c3870e0bf869f628f4034de2a0cbd3af6284472d4089274d8c31e86408ebef492e05293241e25d5ce4952c11e50a1f06c75c6e55e145c963361eb4e744ab56f09cffee46fd159edf952608de6e9f9976aa6f0eb702a13b51b71296c456126d2e3d823fc34ed79a56393b3deb22c49f5d264a59bb2aeac52e9be6c2d5aa194b6e27ffb64a69373cb64d3aef35d92920921a69c4117ed1a23065df6c22fddf334095aad562ff5b0c7fa3102c7ce4499a67629f95d5b7e801126cb3ab1f53163eef4b4e62aeef16a398ab147fb3eaa611c561f7fe1f577aacc8be4d2b4c9a342d9d9fd44b23f25995e47768869d8e6498239f277c0ebe9c94539e7e224ad735e0f2674274577348de9f2ef7164aa0d8fb045bc4c359f357ed4bb6828ccd475dd644a79301c9d35d8e3b465bff986beeddf22da2af57daffaf63f090a0f47b3ccb007370d968d71b7fc749d516aebe40d49bfcea36d59d66014edd5b1535d7fd513299e2bff149489fc637df934663f4c4b9947fb6345fc73d99e46d1a9257f44d08b6446854eaef6651abdb99badcdc59d5b98be2d3a733bfb71e85447566eef0c56a8be1c624df660a1f24a54360bd7f628513dc1d6578f86034b98c04c22430e2ac3be46cd6277df33ec53543fce9b53f21e2bfe09885d42dc8a3c20c59f2ecf612b1447b5e2e7616bdc75850b9465ab8d3289e925972af754e816dca1bb7d70bbbfcd3acc86525016af2f53680ea0cf1a7e791956247e1a0da9e053e681c61a3a93c383fe552845d699012290d0217c2ed96b8f03be28d80d7d15f704ce3be57e92245e7eb4c5dfda572acc222536a0ff1d776aabeef5a615f952fd7e29de16ee141a37708769c56b1f6b2eb56f4fe73dffbb013387321b809a0b7f64db44365cb7e60874b89f02ba4ab7c48bcc93210e033a6732e71b3c0eae0e219cb51f10da04b716f59202a850d7c02dbee4453513e89491f3f4087070e1f74ad7cb1a98be2ccabf0921f579b3a5632902924eafa2d32664fa9bfb436602598947ac35a0c00c6f0ce36fffc0e802074ff129e00acda133e093349ac20a6453e862a3b6fdf6a80a84b873e029ac3641fd1999d580a7900735d06da8ab23588192941e430a9499069c67abc4b309e41c122d8015c80385421e34441dc20acc828aa4bd040b0b65d91d635c9006353889086193c4e3396058a120cc61d815791dfa1ca25e410bac9734c06d98016d2c241eb9b0069f825fe37b7d172e7d21e775433eb042bf0f7559b14387de89bc07bb0db3f877057b9cfa2b1b7491e69571b07e5b047c94e6f1611f321dcc4b40b7be4f808df12b5fa1ae9b7e625a2d48858337ab988bc71e031a8c8a0598cc7f844d009729c62a95650a98114652780e97d5475148d80aee66a6d28136f85b6804a7f01bacdfbd83d011d8324552c80660f6824355b23d436b43e56b30bc36392f37b981f24d790ba8d0eb392ad44d3eef69280a757a0fa4504a1b180233cf4d853a6b4290aae05fd135a864860f992d7d8a59033289de0df025fe23604f678ebed9d0698c07dc31cc24d64b144760b64c61269147580a65a85717f1314294bf052a99e177b03622ddc0786ebcade2086435a820315e0097b5ed706b6d208152a5642108b4967061be94dc411b7ddd6433c81a5ade84bd5fcba02dd80788c187da247c9cddfb431fb04ed8bb832ea15d5c5dce179095d0f7c0a90cc3a28d13d08a85a4e1800aec9602e8172503d0ccb70d66097f3284cc478117b2e7c4809e1bbb8d10dab9558ee1dead99538c7e03bc04b84cdd26464bbe0430a968425e01ffa07a63c0f935f41aa19552bda4027a6e0670adf79604326f4a370893e82f009729ab211ca7d526a049d411de014b52041906b36304b7c61f433e7f827e57b22570e036a2ae01bf22dde28f011fcfd867187d94da32a4c1c0e868e675e1921944e9202894ae20da603d4ad4509c5305ce62e86e17e38dd710b030c3712f1114d62d40b3cf50da2742ee44939e2344c2fe00721231da275620b3193861623c81abdd37a11b806ca99e43e61531e610f2753eeba2b43185f3bf1dda44e962ca5b40f53526857c39f39474225c5c667319ad6d90044ae152748461daaadb6d0668dd92fd6bc1d90cc2c6ad2046fc12447523b6f844b7bf1de1f69de7254568a8afbb4b547d19334bacf76ddf617fadad4dc45eea1b53ac43f411d1ad4eccbf5ea17c8bfd7124e10a516eb94115de627ffd52b842b0cad9d768cb62cf52e8ae112f286442159a74896d0f4b02efbb4dc3ba85fff2c32f0ac5796d666dd1c428880253c86ab3701f3ef6d414165b98b5266887e457a86cc4a53108eda06fc25ca1c0f890a8083df77e5528301545e81cdb544892772db2ffbcb2170a05264c513e30f31ca1b936a261fba419c94ae0051bc57768242912d8ebd35861074e396b4b98e36d5a2d7c5b9137ca10255036277bb00bf34691c2141a4bec1c544e2cb0f7b572bd0f5f750e5471d1a1d2c45627e5a5c2029fb1b9e7d8f232fc3371e5dec49e61cbcb48a8b845ea308c3aaf675486228ba29412b6be6c1b0e44bef0da87932616da71484179d2f54fc4167d591bf43c1417fabe8bb8f8fb3011db36f916df2d15fa1c5877fbf8dbf0abc0f0de94cba89f54df92aae2ee641ca6ee81bdbf2fb0d3a7fec0ee1732b3ee809a97fd8e785a58e04455cbb50d66e6640b9459b539f6d576ceac287f8628cd56b33f5e740783634bd534eba614ed4364e82f8b4a943a5a22d53d3f0c933849a3f53ac5ac627bc29a141556647661d64b1ff3861cdf46ecf0360566f35d854c4fc75709ba97f69464506864e8c886edd2bdc88f3e20e2a5b3435c6be8efc922adf404a549b5c97a2f34862d4d16e392ea466385afd15b773422cae726b2a1757aa8a9e0eaba6fdbc2046e35daeeb88da691077ddd15ffd6c965cb114e1d46fa5decfcfdc4b6f57bf0f089fbdfcb36589f018751ed2c05fd10927765b93a6417339dd8ea4de0411dac47d18282f7d7d565a371d60b2126b2926e0cf08e9739d9c1aaae4aa9f0ebfcf87c420599f8b73512834e3662ad8737eb5a0c74073ed32833cb5e368545fd3ce8da489de69faa34dcdb1321efd778725346e98cfc0b8ea9342eae8a7659b93ffa6203779c7d1d4298aa0de36a7122b9df3b5611f7df0be826cdfcf2a2ccc75130b630be41f67b74d356bbb3a880a395471b07c502be03433dbe6e879f5cace1666a997b2a30b3ccc4cdcc47f089a463f5ea0eb231cb47300db7b6b8fca0af530926ea9eebcb21c4a68dffa57f6e232b49a70cd761f67338a6ab0ddade1f89e4fe50838d913e874e0ced6294f8ef1619b6bfaa7b7bc0bc8c4e18a59d76f2ae2de9f59614b069675190bced426db38edfb41f419fd9e4df2730271bb5e52c37bf77cdfd650db29b65f1988ceaf3d77d9deac852f2ff09a46f8e7d9a7cdca62e2baff58df66656c352fe022c95f65eda8dd5f6e6bcf49770de7c69a1f2bdba993c70e0c08103070e1c38f0dfe2ff084afda317fe8dc20000000049454e44ae426082);
INSERT INTO `images` (`id`, `name`, `image`) VALUES
(2, 'one', 0x89504e470d0a1a0a0000000d494844520000038e0000029a040300000083e91a9e0000002a504c5445020000e7e6e6ffffff08050c19080e2c0c0fce958bcaaaa0e3b4aae3cbc54c0706917976594647d9382e93c17a6a000020004944415478daec9dcf6fd4e819c75f187b11490ed895da8cb4075ed36d324a0eb30dacaa8a83613d5b75d9830b361586c38a6dbd4670487348e138d1d6bcd672c0a3766b8b0b5a65f690531aa168917a08a98a58f14fedf37826bfc824f664827f44cf1b58f165372bc127dfe7e76b8769bdc395de21594dc9e82f813892248e24892349e2481c49124792c4912471248e24892349e24892381247fa3ba93ac7be50fbff9264352571248e24892349e2489238124792c49124713c16b925886395a5aa4dfdf7ffad3b6f3bc4b1ca52abbf60ac36373757fb3371acac54b56726eb9fe6448713c76acac62adb7dfec3896315e594b90723abf54012c76ac90f5993bd03728d9f448e277a3dc75fd4dec508203bb447ae9454b5173536e04c10c72a49756a830d3ee3c4b13a725f85b3739aaf886365e48c3ec70e3c6bc4b122726a4085b32b45aac4b11272e6308a498a248e159033b5c331b2b95b9c38965ea6b9119ac88bbd14491c4b2c6758fa917a299238965766c108e71a278e2596ea949e09a354dbe4c4b1b4322b46c60c7981389656f28d66468e4c87c84a1ccb29b55596f948cd4d7e62389eb085e3bfd8101c8d4bb4472ea74cedfff76648fd4f9c389650f2e63018c190cd05e25842b9ca863b123bc38963e9e42c1b96e3a76c8d38964d36f4613932838d73e2583239cfd81140ae11c7524975e6081899ae2786248ee5e1b871148eac9721896359a4fae19130f60d491c4bc3d13c1a47a9c616886369a43a5b3b1a476634a187248e65e1b8c18e7a9aac431ccb22678e8c51bac8ae70e2580e79a4de717b3877e904f8f1842ce0f4a373d4f5dea374b4472e5e4eb111fcb83d2d278e45cbf3a370042f77886329e408e91167acec2a712c856c8ec251626c8213c712c81936d2d1596d813896409e6fb211cfc79c38162f5747c5c82e13c712c89131b2399538162e6747c6d864d78963e1f2e9c81cb74601c4b148b9313247bdc98863d1b231aa179351c01a712c58ce8e1c5499aeb38f8963b1529d1f3d3b4a7a6fa4535d8e2760ff383a46dc7934698f5cac9c39866a55c204491c0b95178ec58f063b4d1c0b95a30fe5a0ca31757d9c381629f93184551d0a1d9da9c4b14039fa508ee912337a0992381626cfb1e388ab9261344f13c702e5c671c4555d32244c90c4b128d9186aab71a01f21b0ea17896371f2a32138d60e0eac10574db6401c0b9343edacf44326e5bac5ae12c7c2e4e8e9118ecc6438fa19e258941c263d4eb80ff4034b1dd3b4ac09e258941c263dbe71c57df380fc78d1b02c4b57896341723e7badfa89efbbee93031ef13064b965dfd8ac2ec76aef1f87789a7cc273e1780f06fbd1306cbba55fa13d72317288e7ac3cdff511e5c01c694808d21e278ec5c8ece9f135607493f3d701180da3d5028e06712c4466bed251bb29106342f2fea0fc2819a66d3be602712c84a3996d8653bb2600a0df37e4c6003f5a6047c7b636896311b291711a77d9dba13828b062b92a435ced9e258e45c8f4dd63f2ddcaee78be8724bd3ec87dff950986b4d09013c4b188efd4f934931b27d6fdede4989c7dd1d8304d488f706ea8c4b1008ed986abaf1f03431f59f6517e35a85e453f3ae61a71cc5f3632cd716e0bb7efc72d47ee1beae85b7e5cbe4e1cf397d9aee678aed7f3a37b6060350c59b2cce7cfbbf619e298ff7740ce7435e703dfeb5b7187e497fb38821f9db1cfc76c9b38e6cf31d3cdd5375e52a86e17ab83022b8455cbb630b05a0bc4317799e5ed0e1302116254f5fa24bd8181d534bb80d1b1be278e79cb4c0f76bcf1fb7e148b3893438e8bfb022bd4abb28303d6e7dd5315e558e1fd639697915d125e3f37e2bea3c771ff1a5292a59e1f3fb7ef70da23e72bd52ce9f113dff73c8ca84260685d078ef71ec32ff6749e92d5925b63ade7dd6ed769758863ce1cb3ec907fec55384053601bb90e3fef45fb2a56ec1f4d67cc19b3bbe61a71cc5766d9218ff940f03180f4123ffa891f71f7f1eddefc087e6cd95d1b0c695de1c431579965877c1392226648b06380be4c38a21f3d736f7e6cc9f298ed388eddbd461c7395ead3f4b6a3b90e5d86f093f4b8e5472f98c42ee4cb77e639e8c72e605c6e515ccd9763fa905cfa3d94a95f43620437c681bf8895aa17b427e177a062adedf6a3990c74c090ce8d05e298abccf018c04dac727c7f5178411008ffd1b780318ea71f02476fcf7d72c88f32f871b9dbb5ad4de298a74c9f0248d23a368e42409113071058c53337501b71fd21c4586f75f7e3573a821cc33ac7b6ffc889638ef217e976fc0287709ef020ac0651244430e5291a8f1b0f05943adfeca973740bfd8871d5fe8238e628335c95337ec0e18d073e14711c241c0355e361e3e5be0469c89021bbddc48f1671cc93636ab5aacbc91db98780311071043f3bbf0a34e0c86f89c8df734b47d22dcbc2b603fd68ad11c7fc64fa5d00fd03e088b91138c6f5180a1c35428e1ded4c8435acb92b411a922ccb8e931872f91571cc4fa6de0590d8fa16c7380aa3288e3beae376c251c6cec35bdded47d3b65b4e77c559b16dfb0f9c38e625d3afca7d7a19c7369e684391138471a0c4aaf6f750458eec114e05bed9e54770a3017115408221ef54916355f78f69cb0e497fdd2b5643a855e3ba08b9caf9a34e8fe32b30e99edd95695be04704b96c3b06ed91f393a96175c275ef7d0dbc1a80b13d1977e0731a8ffa7e3c851cfddd83001deb9c952e7c60a1431cf392a9cb0ef307f77e8035ce741445611c6b9c6bd36de0d85035361e89d8dfb5839492c7ad561290b6636f12c7bc64dab243ba04d9318a85002b06b1021c354dfd655d51d586cad9a5494c90bb46e52ddc5c392bc9b1ed2bc4312f792ea57d943e83b01a8b285a8a2225e4317c8eaa453c448ed0b2c4c8f11fbb2e04d8e8c7152409e5ce35e29897dc487b71d58f8b6e1047c8318466136a5528ef02f85cdec098fc3711087f67972cd9f858009a11026bd7b689634e32f5659de3c2f3a0698c22355442ad1ea9e8c776a3ceb506deb3db8c2141eedc7e94106377a51f57bbcb0bc4311f99baec782344d08e8328d294b0aed563c4d8b88b5d5703dff4f9db7a103f7657f7f8b19f1e571c287488633ef242f3f047e5244f40bb813f785ded6851a8714d9d595342057e011ccff03016dece03ad7895bcc7b10b7eec6e153ac4f13dcba7a96155b4e33008827652da60f7a86abfc62b8dc0f1a3e4fb76c6d1e2fd1d3fca662f3ff60c799b38e623d3ee74fc4e08e83582205e6a849adac0f1b8a69e57159c03e08be9250572a6efa2ab2f1ac811af926fe7c7ee1de2988be4696f7680b05a9f8672355ee00ad7e236da519bd714a5031cffc9a4b78a5a8f4492208d16fcc3b2b7fde8801fbb2171cc43a69539e37ed0ee4cd683205ae0a1a6256155d5fea785385fd59e4e3c1275ae00c7af80ba61eb8ce13867abceb1571c7b8d38e621cfa756ab81a23e9b8c83671d0ee462a4a769139ad2c13ef2495bf11555ab0bf701b61c2d683f64bc2ed7b723f690df13c73ce4fce13300197a4745bd3f19c74f709c0a2912d363635c835c091f2208fdbaaad4a34537295591e376bdba82bbe4955b95e358c5fd63dad5d5cf3c017fbc9f26a3f0ad56c7c938473fce8e73052886dc0be2ef7060de1b95cbb685171f4d6b2baee212f236ed91f39029af5a71bd4051f8d5288ecf6af0e58a5fb140f0fc595e078e4b0d11c411644aa5fe6ff72f49adaa33d9daf663b24d7688630e72e6f06a75dc7dd90e79e3741ccd9ed29201b9861bfef9d30d9ce82d4d271cdb7c5aa927bbe4966d801f8dd68e1fe143258eef5f5e487beff14b488fbfb92e3ae736212526b904cad58dd3f83f98be0b1ca36829e05375c5c50e52068ed28e1f93cec35e238eef5fce1ffefa2ad7fd09c2eaec66a06d74b4dee7408ae4d25d25448edf89408825f1337be7f3db447ac6f10933434ae2433c123fdc6c2566280e9673183aceb61239583b335a359b8329f3d232c901a2ee8b836bc9892a202a872645d3490b12f656c156a944abccc5652537dd7a610d5294c5c036e682d4b44ad6ff4b9fe71ddb49609b53e7b0d20c24ce93602e9f7c9f5ff3cef328f16274052b48111dab69ecb6733c4c58438ec19b07a7392f283d1f93a5a1b53919b2f1127b474c92461e4bf81fac2c51a75c7667f24a7c2e7a02ef258b24636101b99be6407cbc14720cde3c508e63d9e5e1bea82415e6e6932206471972554870e2ae04c586e22ce193c9ed37b414ff5b34862d56487480e36e7b154156a7428e819b079fcd39bc281d3d0bd2abdd9f3f35a830860a141bca3117be2a259c65da6ee7e94c7e29fe242aaf6080b44946b0f68447cc57ed9063e0e6e9035bab7590e2d9a8ac641ecc178e40e5a8c0d73278d7ac2b57e4d219ea54b728dd7a4367e2f56874054f23831e855d3d7aecefaa14720cda3c701cd9e0b2acacf7296714eea894e92b0143ec04942425bb9c58944b7f6ae7b77018d215fa269e2b4ac7f0908ee7113c10d0e568dbd8d3590b39066d1e7804f9f18822737d7232c10d25b80f244c55a34a6c49496417cf2cc567b6db77dbe857b374369e5b844427877af404a1a74782694e27610d390669a60f1a4336332a27b93ee5bb49feb3516e03de11c396f89212875263e97bb36d362a006705fc279ebf221dc7493aa647205fedf6016c823dd6eaa59063d0e681033ae687e5d3dc77945f8e0aad93fc1ad48fc5a8241f2f292bee227d73973d7dd5b9e2143942e53160db69d3b4ba7ed523bd0e6bc83140f3c09b8f534a43ba071cc9a9c8d410172d49f25c4c893a101e7768f58dff145dc575dadbd5477f741e23c73b50407abad14d583da6475065c83160f3c027e68e289bf335ee881c191a1cac718992125b83f04895c4f6a7d7b68a4c8765a70d18abdeb54d2a9dc0751e02b13346b79f63fb7ab459c2fa2de2f8edbbff3874d0bdc77e657a8de30e258542a43fc3274bcafdb5a23cfa4a19a15b8e53c6ce6a9e51ac7ae4d18b4631c12622795e266d748fcbd938ed01bceb5a781f395073773080faf6e14795e722caf806c7f57d5fac71fd9c302a49478bf3d17be79595bbd9ac5b5e76816287a367d3dc228e44aa71c4b604a177d70a0b0f78f973c831588eebff736b35cf735c29f292e3fa4f8aeb5c84134e4989c2c87cf4da21197457ce9e60147d8e3699c8e6e662ce75fa3167134b503dff2c004e0860b7202fc921c74039aa7bd78cef2f3ae0e310dfe2b873058de3346eeca4148b8c168f3dfdc108cd569c727b7bfbd35d8e7f757257625881b002d2c0e100a8479b4d5ff1bca99063a06677c0839a7e7bffb83a059ffa328070d0d76c64481a3e724bfa55636d1838ba77815f8f23b1ebd9dc2c72cca66d42040e1fb7221e8b8efe91809063a066b2171df7c5475e5339dcd13986221df7951ab9a77c72e823b941a53a5d2edf6d573b1c5979b149297d1c8badd0ec3ab189608d810a812ec17c1541e219d6906370a65f76f002af697bc5a869aa78a7bbd02ae2138ed494f5affa8fd5af8e0247b7fdbbaa0f9225348fb0cdfaef58f43ea59745d0a369d8388075d563203dff0c6bc83138f364979bc60b7b316adce1dbfb9605a23647b85bfd0d3a5ba867cbee932faabbd7eb6739eae4eab15299d28f05422e0869942161aed59e40416e841c8334873a6e54d3f6a439bca1ebeaab3fbcb36cee345f18bc48672fbf9a755df75fbb18dbafebcf408ff544a9e2d01c472c43306d9fe100f11356723ee418a0e94f974f2347de8f8af859d70d6d6cf693772a91029f997c416fdefb118e7bf47ab78abfded969e31a819d4429062faa681919d3f3c5e89187de2ade4cfe500e3906c8d14f4505e0a83277aa6abc96328c947678f637ef705ce7d466fdaafb5e3f8e7b6c6278acb20af2d96b5cc7926b9c296180ace1c2000fc32330246c1f0b28723ae418a4a976fd6a4a60de152f1df4a83ebef2eb6f7a486082de581e1e2cb3d66aa70fb0b5d5de725d00b9031c2140fe5c20261b878c1b03e01ab0b1c55a0dfd6a80a65f3ea6754c6c38adc7d14889cecce56f3ae8317975a1529ef639ba340f28f3f97c1d2777821e8f2fc95187de11882532a74a561f7a366ebcc6a7cbe7438ec199c95e7eaa75d5081c539af13e9d79f75c6b8ae3376f548ac556e79ea3e340b991cfe35616c7a18d9d95921c5d611d1d133c2ab8d381092842f0213a3cda11720cce1c65a31c059f23f04b75dcaafe8a96dee1a8f1aaf862a152897e71d37597a365bcfd48d9320ff65a7fe6946419121db6c4131448c8434876888846d5fe4bf8bc5570e6497f26274b70c0b9a6981cb5542ae5f81c795ee57bfdba88958ebc5828168bff7882e8f69e06c86669fe59e37a49928063cdb42dcf1e80b83801d17120932126e8f183f03e7270e6d06eba8a00f10288ba710e39f61c6db76337a9475e2ec462d1c2db1c995ba5b95c4981f8486f4fd826a4aa50798032f1f41c4ed3b17f1a720cce2cf4d25570a79d240778a65f512ad53adfd17a2d3b5e1fff7cae582c0dfd2c5a76f75db805b2d1ca48521488fe62a2536ec04726e341156201c8e9906370e63a73ab1d5e298c90a0474d1f7718476dccc0dc35d553a411192c427264b63613fb31bab4d5f49a3a84194c5c4d4c7258841c80ca4334d830563be4189c99eea4ab7e7ee3bb55d0e345a0a1140c6dd23090a4a177406a9ca844a55b5372ebe57e453efd27b188a1cb4ae22a75e82ab127303612f8a64832a268609b4e0a390665e2c415b5a3473fcd616e750c77758eaceb5ad3b480645791c20d70c41bca83af5a8db126a9bbbd20e93cb52d954fa54c45398edb929e13364187641ee2966401b70778b6351f720cca1ce975c95996aaf96e55bbe8d02c4dd6f43100c0401aac2ee1b87392dc7cbaf960aaf57cb2653edaa43771b62e6d7feda99c0aef1c9795fb182bff6eb3f80897691ac410716d1959dd083906658ef6d255ad93aeea3ae4abb8e1f17af24bdd344df096e0560d72c1f7aca2a4548675cb68c13f35abd5ea66a3dddef6d21ac763ed724e51ae2fff364b2f63864a6c5184df03202902488f583f09390665b2f231edabb1fb49d70e836b5cf87d52d075323e691ae674abd5d4fdb61c3f2829eb866598cf21666af858d5230fe5cc61dd021ce59b15275bbf2ddab8ac7c955816fe2ae0fa72c2365d851c8331a17c4cfb7a4c691daf0a7e158a0e5a7c90148cb126506410f15c00cf82e446e233c008de1280ab3c6ff805a6c663ed021cdd8a8b1c215d5db50510235c463a8361927c14720cca2cf4baab3e4a56458e39599a2d1d1d15749092d9b2d4948e1152555173dcd92f9f131632f5d46e8f00940a3f4bfd5049548a15b77e59c0d35590ac5aa601494e2693c1cd2cd321c7a0cc5a8fa3ded123fc79dfc95ebf59baf79ea0a748b379016f47fa998edf11109f13937dc748315be5fd535a607ca81caf4463c09163abad90215e101fc501b137df3ae4f87f37d77be92a36013a5d9dcf9dace34af71a2963b269699ab19bb0e2f5e354d3d7234ad23fbb0310799ee375ed92b2509181638dc3531d96419863fd2f7bd7f31a4772852ba9ee185b3ab80796acb00e9e713642680e15ba84713c87ce56354bbc73e8b5ab49a2ccd9eb453ad822c9aeb10f890f5e0befc112bb6b0dda83165b6c682910cd66ad8d670cb27e196be69c43f01f93f7aaba7bbae540c2421b043d02991aa905e69bef7bdf7bf5ea950461f57c1206a5cf296a19244d1dc97e15b8d5e9fb639014de39fb7b0bac8c48204318f18bbdb4c2166f72a9348e4c7f6930e10f7c50dd5cac3af70e10472dab0a85d502c36a491906f3258e052d59cac7a4be2adcd1b79c6bf7ae2d9d1be12245112b3a9a8f9459dcc74424e523032001438646e7f2c4f38ae37cf9db6da2fd2ad859f0495287c7209041e7f8e078bcf61f2bba5523e523620901f2dcfcbd9bcb77dea1fa561c152630c65b1fae0b7c9426420a1a3f8bba0adf777eb65971dae33f09c82f8190e871405503cc1f89b44fc99d721fb9301c639ba315d50449727d7e7961f9469d4aa90ca17491358151b8035f29d9d0629b7c0480959895ec3cb85175c6fe3ce211ecb352f0b892ca472eda28ad974b1c8bc6d11d560148303fb6f0f68d09cdc7dd987943bc5cf61b48477605d77c8cd1053e624ed2d9ae4c3895ed11466cec410ed0ac4a4f836807befca0c4b1a0e5b0bcea0a5361f518f53ad5f6e4cd1a1855ad8ba6529e12b241fb8023d7844cdea3fa6f3052214bddea1869109cbeb2069a8ca2ecc7f1d152174a1c8bc291eab69b18460d2404cc4e75b972af8687c34ddaa06134593f25e7c91f8cd2f2214d993641844cd1ca7bd5ba3e70871b1ec047e9db68579190be7fa2c4b1483eea9421f5acb07eb174b7b25cd9964848156a7bca795207784e3ef743131e87ee477f14c8e8596be24795eba48905f5b5d5d82429097404425ab2c4b1a0e5249657595a0830368790f39d2f97de9e7f0092082ec50026798c243b4f7a7e8b8b6cd48407f1a34047fe3efacebb154ff3118c4e68fb2a0055f6c0b27a00a41a29712c948f71610e95d5c38cf2fcbb5fdd99ea9f05e1544656050aab301b5bbf031c01ddc6b0c28a0f1a3e928bd777ce2477eaace2f6230a2b882ac647afc4b1501c2d2232c28a388efcf8f47c7dfb0bc4d1b81c04d235a8d169f25db897f8d534abd49426f4e47627b963696dc60e565721e5901ac4c09372b4c4b1503e52b3872ce2f0482e9e3cfd7c2a6822522a29890b69e80879c7ae6a805f95624f0a23b69ec923212939cf9692db03c3b54ba76cdcf090be65dbd2539e6c963816973fe27572cc4d5b9075bf71e3f4fb5540572318e78f8961c55f6d01be4df8dd948f7188a56e68a7e3b1ec10e8b88a74063e7ab64d3cbfe463a175009254d75c9eb4c55d1fe920341298277dddd92174bf00c0d8a452ee374c8515f8cb877052977923e95825db74e8486c0608145674ac12c72271b408e822a3c3b4030f3a5a3bdb94735d100728385a1aac9403542fa8eb2b6357770d6143782aa9ebfc2218f2115fa0a8882009b01050e258381f59ec3bd3991da3d7a9de7ac433ad217c7763bb4afad49478342595bea7e371fcb84bd86078aa07f9684354f40253082875f5872eabff5f7ca4aeae8e6674155fdf128d23803713ad59fa2c1676b1b23e6df96193ef8a06f7c356731a0f96a77132f449ee52d6d0d694c5081928758c703c8efb8f4477de98c482e566afb898eadb0054608c1066257dd0db7d81520b6647b08dfee069f7514c67deda1b3eee83cd090384d1d62fe28f56cb7de41fb45cfa5fbfec99638d342ecd09c13247c85d34312ec136d53582a722058777a7416fa79571b28cfacf9ef55f3d5b4dfab4546bf84138e5277cc4043290c0c712c722fb735c1cf5c8f3f1919a63e60254770647fe3d226ecc57dde018864a49c6c4faa0db7bd53d7c4ce3e29c6ca63e47dfae1b822312091f55b3c4b1501ce36e3737a3ab88a3d98ba21b4f7b87d13e9edfc05f20ef5d411c816554faadabb3cf7a835eb46a7024a3ffc8e048f4a9396980b4a4179638168c23d55d19fa5479662e99ce2a4147377abd5e7f6e6660e679b051f816eeed4b7969a6db9f9d9dedbdda18183ebaec42bd9199a6e4277c045df56ddb2b712cb67f15c323e1f993c7c84766da5501c76e77eefbc5fd996ddd1947b13bc795336b5fd70e808f83c1ab7faf5253b37bff8b2c8e78f4d1929885ea0069fb258e05e348293d923fbad676acabd3d1a0d7fdd7dcb5c5b98fe7422fede759ffb0d7a974818e7dd0d52bf187a0ff6d236b78672e8528ab26405aaac4b1d873014047cfd2d33adcd4afd20b7533de8ad8fb838dc113c0b1dbbebfde9e23a10c9b5b1fef2f55a73acedcd5de93fe00d24b534467a3577876be07c44769762a918f4178b1c4b1d0f31d74d86c954e3c1a9922986b80933ddc40ce7dd87ed9bef54f6779f0c9bda75fd76af71de7a780e3adee93fee1cce3b8c2ca1af9e19fe11a16f038e7c6b0da258e452d1fc4b390f59164c133f51cb6874112df6845836ef7e9c1dde7edf1cd45e760c179ab5373c69db16ac7e9a1b0469188f7af88cb07bb191c4f298959a7e47a33d90f474a1c8b3b379704449ee7a34e3938d6cdfdc3a87f30d7ebbf6c8fffc5a9ee546a67e62bd5faa253edacf4ff347bf5305ae3f1c49691955e16460bebe9dc1856e5db56c9c7c2966793b971163d52278f07ce69618da2038884fd8fc61717c73a1567ea4ecda9c3d35b5bb7eecede8e2225b8e9de39f1f9115d3533220c1f65e8977c2c16478b7878969567f30e2db1a65077e930dae85dfbb4dbfdec8633b953adfd7ca95aa9d76a13fdf6ca5dc0784d6a3e0a8abb57b9db232ee1c697104941c73f51e2582c1ff568329ecd1f918f7f241440809fe196c6470fb73eed6d56a7be69b757da4efb76b7dbeb38b7eec34fb493e19ce97dae1c8ebe18f211ecaa2c712c6a792e734140be4ecedd411d2723bb94502064f4fd99170b5f0d0e07f0ea7dd7eadf6e3f9cef54d0e4283ccf2ae2d93b3237575099ecd1f0d1b78f138ec7accf2a7ba72ecdea2a4088d6d3ec48baad285a9ffb6679e5e642ad53abd5e1bf3c054f776a386a5e2ad34dc7dcd7f8a8523e6a20e5c9721fb9a0653d5155cb324e27a3ab0d668c0efcd8024246eb0b2b9bb5da4ead821ea75e73263b53f0aec2711c22e1a3c8f39163dbabd005d620b4fd12c782718ca7e8f023890723a645804a1b81fcfeb3979f2c6d55c1aba2cf711e6ec09b8fb07d07d5531f8594de6bbaca85aeb0fabe1dca5f973816b4cc5ce2a987b08a8cae426464a6c44a2cd1c2bb560effda9eef2d55c78196e39b93b7d1fe70dda12ae49132fb5057051ee831f151fdaac4b1681c3d8f783c5b08300924895b5a215aea1b1e06fd68abfd747df1d6d3a88f147d84e70676751b8f8e8ff9f9c9d24c8b8cf73b1ecb12c737c0478fb8799f83a753490c2d65d38799eb7392ab3bd6b852baa54e9f68a547c223d56c8417f6cc85e057cb73ac452d275210cd98b9a1aec608c6c20aff34a3ec6b43c3baeafb4236cd41482b7f258fbe95072745706d5a3dcc1f4b1c8bc671780c32c326ec4e26e9219c1c21a3597dbb15d251b90d4d47495d9e0f8f3c1ef8c1a58563577c75b9c4b1a0e558d6afe29e0723ff8590e6d54881fc5bb4d13b3474948024a68d2ebdc28eda1c69f8a867f058e0574b1cdf088e84113d63352d0b60d323103269329e8ead4e22aa512494391fe90317a73d375f24071cb9165580d20361f5fdb0c4b1a8e524c91192796e9e8fd9e93aee684e59818e5cf9a1daf543291895ee911b24f5a5754263292dcf53a5ae16b9cc33c86399bb75751ba4ae0524bd02833c8e024455ecc986d8d33b1d4765d5321e476309c26a87251fdf0c8e9843b2ecd5ba221f21999d2324013afabb724f35d10ab1d7aa7932ba1a000020004944415400544f15d00924d81c1996f1f10de92a082ba524bf03921c51358dffad4c0af9d8c5992c62afd1946854ddd7c2238fc743c037d0556997f1f18de9aa45b219a071383403a485db56ff61effa7ddb48aef006b342109c9b10b922b814a161c730ac628019e11a158bcc2c0cf85828e64e23e8af709b2bf22fe480f409706a521d84006952e8a41552d87f54e6fd98d95972497129520c81a10e86ded9bac2df7defd77cefbd2fb00eb9f2196843eb1cedbdc6b2731147f6abac98b3ff3c2abf7a64ef8fd37e782c7a9e1107e50ada204fdc34023adebc01d2672ee7b699b70f4ae373d5825b253ea267f5f563e5f3d58bbba3f9cb396e1ce185aa584e5865246489910eb6eaf82aa2ae5b1a3a5f7c76ec70d4d49843d82f5d93717c2e1c17ee0412c5c2d43858b6c26358163607b4b6ad67b399f7be8338422347639bdcf3b1f488671c9f09c7b228aa653c44bcd4ca53afa271c04337b367ed3db456f5108e02465d231f2bff13d9af1e888f01c790b392fd4de99c9db7edccb4eedccee64ad5c338d245254fc80abfcd7c7c461ccb411c65faa6f5afb3b67df0a1f17ea6dbfbb6366a383e965875e0fc39141ed9af1e9a8fe141399415fa6a76e5ce6733db9e5b3b6bd40a1c69c38ee6768ebd7019c743f351098a8b8ce3c3c343ebc938d3f76d7b0fe75706e3a30d7cd4f87265338e87e763afc26f3d1f3d1967d647c7166e4118ad07710cea55c4b3ca38eed17c5b3c4e48dc5395d873d7b6adadefc1b3c2d396f7ab4338a2da83d4ab98afba3ae3f86c38562bf8d87b5ebebaf255e30c82231ebdd2c3f5a3620db2a16d9175e6e3b3f2b17a0c47517b3adefbbad1f3916f250df955a1347955d661d5998fcf8a63f1a85ffdd27820215ff569aac46bf50b3a396ece9243c52e0034759c731f338e7bbdabfb388e29cf3e7bb7aa818fe72a5cc8b6033f454a001d2324e801328ecf86e3b05f4d9e25e5e7fa015400e770a54c767be716dcaa565472841b597063e988703c66dde3cabe5c8f8ff2bf673e3aded7d604bdf9e25807fd100646e8ca91a43ceb739e494fbeeed5431689ce7c661b50011818ffe00b2ecbf1118a4a1d579be31d90accf392c8ec44799e008131d46b0cf356a28cf013eb2ca0abd2a5c3c6bb29efcc07cec60f4560d714fa58778ac194857a993430794f0dcb573794ee7d07c942990e10d8bd79919550fe0485a391e0c40afeaea3cff78583eaaae49dec9e83a50f5321f8551b89d9e72569fe4f834a776791ef9d7cf308fbc868fa25898e749ce4598411c95d53a6a902df1d1e53b6587c4110f1ea5c2d62ee7e10367cb7e5561ba4a19ab013596e7a373df661c0fcec7a4849c3545d185c761bf0a9b58b40e77b221c971f9fee3feccd71bf331f917ffe1f64dbc6e66cdd06387b6f1dc39961dcee57b7387c451c0dddc948fdf138e92f9580ce1487c548ca3433ebaef328e07e5631fc6b3ef5164cebbe93dc8cb380a45e13112126174f9dedcbecc571bea1e93fab1386b898e4166eef9381ff0abdd6407e1e881cc77910eeb577965329be7adc1060fe328846e06f9088c541d8e3e447ec8381e363ea640ead9430320b25b5552faea422dbe5ac1bc9c5126c973e0f6f9f1e07864ef8faf368a8f7d99b8fbd2407b27541d12a63dcce28f684232f5abced9697e473e1c8e0b0371b6f962203ac6f0a8e09e875ce4a3ea1e3bfc6f835f6d5c9571dcfb7ef247e263c2c7d99fe7587304bfaa546b1bb5d039c049e4181e412d075792328e07c551f6a8f6f9dfb7d837673e7a3c8d6dedd204acd1a1ee68383e3617599fb3d7bb0f8fe0d8f799b2f802284a15fcaa50d6d4bd4c07ba72d826a726b9ffa2f838ff6bc6719f7758c67d4485e131b855ef61b11b2efb6507f251a7f9aa8f8f3f641cff7f7054aea217102e3b0a8a82aa279633bcb1935ead6a8e8f9f328e7bbc5336928ee2cce08e5de8a1e2910fa1adcf59d31583ca62e16108451b71bcc9381e0a47b96cbfc02e0e0b3ce874244c00a834cdd12a71ab94afd6f53ce3b8277364ed5860c7dce285f978df5c0a9422ebe40828fb552c1d41d4018d000f252f08c838eeda9c8ea4a3c4a39f6d58956c28cde1d35851b423e8b42bf31136257143a7c938eec77c373e3cc25ba448f918129e64dc956e9b77690e8e5b651cf7679e8e68e4101fe14bc0e6073c5b8e4a3a1961644262975c71f5e86b0e38ff4038fe9c71dc8bf99b11f57fc7478d4fcbcc40a9a2be230453581469b48a033aa08004e5a36bfe9171dc8bf997cd331ca2233e73d4c04719708c7e5586c72d4c552140b25b8df1d1fde968703caaf7c7c94f6b5572abe2e34301f049c6310219d322e263888fe057d1ad5e7a1cf33bf25e70dc74582e45518aab7b254337074e0a003703ec32948f263e76d41e4aea03f08047c671d7e67a3a2eb500e0cd11609b038c7cd60c14ca42e2279ecc36499a139b39ce5d671cf763be5bfb58b5d2afeadb28cee11c5600ba22c4509c155098e7d435f5c819c85f651cf7619e8e18eaa05e0ea0255fdc8614159aab548c4810ecf09f8a6507de848874f47c7c9f71dc87f9f55ad1ea12909178a1f89770df23f0304e6441570eb255c5d96ac7471622671c776bae2b3b86d35589a48c1a64c4ae1ba8135d5b8ee323ee2f0f205ebaeb8ce35e70fce91111f9529e8355064a57056ff10050d9eb86253bd8250f6547d3a539fe739571dc078e179b8a7252af4a30925f2dd2a45624dd5570add4cc49e3e3e5878ce31eccb7a37aab050747214411dc6a323020a54cb4e4c8485458757ed57d702ee3b807f30fc5483e52d58fdf497c414ee63e44dc5d86bd1c45da55b82a404f56d0ce71cda78ce3eecdd3717c94205985e77f411fec14c8247826e21c15ba39756dbbf078e9fe9871dcbdf96a1c1f09496421bbd56200468c8fd897c3276497e2c88547c671b7e65a11b21a8a8e58334223ce3353aaa4e6e89f37ebda7275e4637d7d099d8049c671e7e65a91951894cae12ca450745d0e34e50c7af25629348b57b19de378248093d6e6e648703ca2f7c7c9df47e108890ce025258f76c861190fbb55c53d72db958fd73e407eccefc8bb367f2bc62a57bdcf44a7ca7c0c2d3921fa4301e855e91539be5835cd2505c869c671c7e69b9130221f6121791cec18e42e89ace0180438d60023a5abe058338e3b364fc7e20891b1a0e2a37fa1bef7522914d51d101fd36e8e2342be9f661c776a4e7e3f7e2400cf200799a38c4b7564b138a363f0261d8a90193f0a90ce559f328e3b35a7b7a3f9089151a8e857d9a1f6b7b2d0b3152cf3ac51d2e112c7eae0bef9fb69c67187e6f8111d81894e4747eea8caa5952ba42f473efaeaf11a69d839d6ea26e3b83b73f2bb2dbc6a779835d5c709b1b8ca0a15ca1a06589b3aede65ce254f2772f338e3b33df56db4cb076a79271726ed53a3a437cac9a0b38330784acfdd707ee075cdc641c77656e33f808b8a9de0c00d58f7271a335ff01cc57bbee6aac24c35aab8ce393cdc7bcaa5c45c70e4829a55c210809385ef84f53c7f8a843bed3dc651c77624eb698b34a17e7a6e9aa1858f5c8386283b5092c6c8c0e8dd6934f19c75d986f6f8bb22ce56842ca6ee7aa42096431c0c908f4c909f4574f908e30a443c75800c8e67dc67117e64f45e53fdbf0b1739b52ae39fbc975872d79a4dcb3b169e00504f255a83dee328e4f37bf2ecaca7842ae01ac5a557944424a21d6e358da8b6ed4ca0318660400d7f9d9e4659eb77a9ae983a3ae2a5b16d593026421d36310437e95877450138043905ae1952b0fa991df4ef33bf293ccc91b599655654cb555fd98de61196ce7748eb7ac4facff1f267cf03a6b5da3bedcfff8cfd38ce313ccc99b8b12e9b836cd19bc5b4e0a9db87515557382f39d451c41c1e3212c4b6dcbca8683651e48872d579fd19e4c328edb9b93779582bf5cb10d1d0b9620d37640196fed2c7a5e1c8794b284d3f3aa34950a5bae0d0a3d740d38ca5f4e338edb9a936f0ae57daa2db783915e93437414824f5f2dfb55d27df894d8c03b172c84d4fc850ed6cde13f719771dc7610c0d7ffb02cac948fc358ad4011f25445037445ff3939c984686a4096157c8ba01a00113740c2dd4f0bcdbb1719c72dcd37b2806d9a3e726dcb461c3d569ca88a45b5553cce425b768564210facb9367ced8a9e98a1e5237f9171dc52e8580ad8c2a88c7cbc0b508a62750d4963576a888e8423ff8216064cdac2a269b7606941c1a38a1f328edb98a705b4582aa34bbd3d1f696015092906e808e8d1da0750d54964264a418c293d2911464567ea94fc2ae3b88539bd2d1b0b5430466e92e7546bb2569cbb5aa1e0210a027882fb78b81402ceb3028e014820e44dc671bcf9ba84f787b2043e6e245d2dd729758ac12679e812f0e6325e1f80ec345655014312b872aa93711c654e1b7b01ed4e5f74f8ec513e0146dafb38f8262239af5161348b0e6141fe5a62688e5d747c6e967719c7b1e66b1093028ae0da8c2cc42820655f712cd341f2856e8fa1edba6192874fb6089643aa044a655e641cc79a3f82381fca7098bf9095dcc4b3567d2071e96ab7be732038168a47b2a0adc3c320ec5ca11940192cc64ce0a651f263c6719c795abb861bd6c047b5815f2d537f29b072c4a52b2c932b96391d1fb5144e2ee30c3a62281039dd65b39aff7991e7ad46999316e80884ac2c6d63dc848efd32137350c927e757f7ece06d92f678c4fd1ee87205d68c08a4540ca39677f91d798cf9aebe74fc8084bb5155313a63a57972b95a0900bb3e83044b741b92708eb9a09889d524bc92e0de6b24e434e3384220f737076e953c2b0e9a6e161ffb84c429e4a1cd3a692f8736613125515587d777c0b91634e223031f618b80bcc9388ec0f14777cde1b184eda8eb4895a6390baa01ac0b572b73e2651620605c7525f937d12fb3289d808456abf9ea65c67163f35d7ded9a404724a4141bf9d5aa5c7ecf58bd829e2f7a84e65dc86bffc7ded9ec48911c0138d9cc1642c3012373b0b5871ddb08a19943ee668d1082434066cb5aefa516771dcc5320ccdefc10ec9a4760ee238c6f3e0c6bf6e6877265446655f54f566775e5d873884606c70ae630df4464fc07461ee8c192f38a354c4b5be89cf989396637acbe6b9af7b1bfc227c75033325e4798d0c6d36114b438400f72059afc1e3a3748c9f300d2d917cc319be3e706dd1c7f81c18771d62a2332f5516537efc4a57334702e07635ab490272665fbcdf438cef39439e68ade5bedf5d1ba1d05a7640cb91ba44eb5d2796d0ce721866dafe4e378bbaa31f668df4a4c99fbc2f26be69829de6f56e78163854bfcf4eef5e33b5dd64ccb4ae5291d5c1c21e4facc8024e32a4300d3e9636b58bf668e99e2c797cdcb3e9be3f551981c77d55bd5ecd673d3c78edb790254494129219f7ad526acdb6d41de668e9962ab8e21ecb0b4ddc6ea4c75c4c803f2dc1cdc923418a5d3ebe5e7a88ff8487a67c786648079cd1cb344ff3c9eaf70fcc961a38cc9c5a8d0d3c9f17530d8f76a2e1303ae71012fad35eb407a92cf99639678ff4fabf360572d6573321b3b00f531532125fd92c9ed3b98dea1ce10d361f4a5ac9bcc314b7cd3bc8c18b1712ddbc9111841e223b97f648072e25ac8dda54d19ce2a45c5ec40b6bf33c72cf197decda1fec3ca64bf8e02167b82c850c8d2f196c7c8f02479ade8ee885e1fad7ecdf35619e2c36513c3474bcd1590ad8f21a7a3c69b3c709fae4fe1f56bae531a89cd76e1eea00dc972fd9cebc819e2a977734216c03f8e00d9c16330acad5d5572e45924b7560cb3e3bb1ca1f078ca9862a57bbced9fb78e99e37ef1decba68b3af08098b1b9baa842f54a4950e9059f921c218d3723758aa4a6bfaa7548fe488b2956ff42de668efbc5bb1f9bee79740659e6bb39a46858f750727c950020ce9106aea0abb11c12533abe7ac5763583e37973fe5275d99cca40b69b1300d554f7d8e9b44ad2c6a0ae4965ec5532fc95d8c78a8dacfa3573dc2f9e354d173cfaef5cceb8d520ec00bfdc835c9d1d8ca8a5196217483c0c91784687635bfd9d736b7e668e7bc513bf5921aa23b65865db5518f2c4e287de6156439e00c4be7c810e533e83d63a8a82cc33e6b857fc6d1b75c42c80ffbe81b57a92596df9d501d6f6c49d5e6bc992726f7d3ae47564b774d0ff645db7b50fd790a3ef05685610dd551f3dca49e99cdedd69ffe7b67d17c0c24868e7195ba3b4f6df03468bbb93cd1173dccbf163d3bd8f2d486f59414ff37300312934ad9b5b01378c70ea79dccab6cab01ddba0a53f638e7b39facd992bdf5ee5c281940971477cf320d43c6083a3045247b2ab20320a23325e91a4261d5cd66a35bf8ffbc4dff8856ece2f41713e1156696ba6851d5d0152a9cd3ec8de0755117bee310919bb5df1d8870f3c98e3a8e8ddd5f7101b90fd370dec94348042901052ac1bffd6843a33c41754891cb32a701acb5b561a36b1fa67e6b847fcd2af938e130106f37262aa3e06406a2ba903db7f354b2107ee2a8d427ecf1cf788f7bc9be3c7c93d478f12aac96695a247fc6ded6d6d5f4b587358f3d7f048ba204133439579ccf3567bc4bf373e4b0ea1d831591f61187fc07a26403addff8dd0c8a3f31452869d1e9666cccd23ae23ef113fb71831bbeab71255c6e6ce5a6de4e6481fd70b9172155d5ad83f8bbe352929c3de2b4ccc1d31c73de23966e56c98b372fec77ff2f308b18225d692e595e9c1755a9917d374104329ed8c398e8bc7310b5039fabe81b162f2073059ae3672a8673a1adbb5dc4f56b3ab9455184a467dd4cc715c7cb0f4c54755f559f269efa30a03e62a021dc072434b1a1536ef7decd73de054add57799e3a8781a564a2b7034e0342d4bae06cd1dd83637d4391b98a92efd9afb40525307a57b491f5f33c751f17e1307ca6d1c023ec0ac0e3b036090941331e4186a665e1ea08a0357a48f1f98e3a8f855fb3e2aa71c0060ac564dcdca89aeb1235421fb5295de8c1841e526e686fa18362231c731f1af54446ee3c7b09d6faabbaa3a07060827f45b1d626a5c4dd670d3edb6c2e9396b5e30c751f173d3d4685665f78d3b64cf63ccd70c27cdcda022127dd65ca4411f89a67fb8bf618ea3a25f6385f7501425010eb0ab1dc16057b78a1d83146cbe3e9af51d653798e398781c7a73c0550a7d1c7300c7411a60d05b2e75283af696363fc12a831a523b40e5677598e388f870811c55dcb762a6cce86c861e91a8ead4516dd68e73755255f19c1961b447cc714c3c5974ee2a36921ba10f791e55bf50a74325b7da95b7fff3be3c40f8d16a7fbfcd1cc744bf1e10d3722b05767a2bc07a41190669f3d0f12886fe2ae41b5619975bc7f9f28ae7adc6c43f2c9bdafbab503ba5ccf45ac7400f77158f0fbb92e53956a6278930afd559966bc7f10eb63c2a6a7bd4a085385c21fbba327512770ca1ff43e5eba3adba9d1dfed5e67e8011f1ee9b868a8ffe629838dcaaeee8bb92c3ee2a35a9d811ed6a15765af9bc8efe91398e70fcd8aca4c7b8582c94dfba381360375915fd99758baba6705c8f206926993926387e6eead65d85baae0184144217d147ea8a535383ffad84ce90e307e63822be8f76b576508662e82c9730f07294988c9472bd8672e5debc32c73171d5d4556b5515402d4a7d3031a0ea8e1d4c8c3906e356c68402169d80608e09f1e1c267c95b8d5cb62845b90f88b38df8a3fb2353e76309991c9df64fe638223e582c7d1660a154417d14def75d0eb272d3df483d6cece84fb230c78478b26c560bff592a55501d8592cbf514fa548f554b5af110d2ac162f7930c79478ba5c2d5c8dde6a5d94a370627d3a7daa5ef6c955cc0758fd0d734c8bf7972b8557adc08aa2cf636841863e1530290b8063733abaab7844f00be69816ef2d01c30e5065ed2a883f8b757f75f20b197a3a6cd886c41cc7c4774b10e8ab96d5c7d62cd66a6aa8b1ab908c1399a895cc7144fcdd1baf8f4b9f930328ca515e1ed2cdd18f95e37ef2900ac000245e4be679ab5de245cbd127e5eab266b52578d90d0c4c4dad0e2bc9d686844ea56f701d7984e34a2b57af16f36ce06e7d844ec9e1007d342a38aa26a8e58d63e69814ffed845bb491074cad2bedfb9c5dee0aeea778acdd7239c2a86f31c7b4e85a37878a1d65318ac5a598e1e8f893012af4aedae0b6de648e6951adbc3e2a0055d8ae3ebd883d8fea3090226e41229286398e726c55c6bb39a5cdaa38bad89a6acdb7a952f833909d5125c37ac41c93e2af94164a2d9c53a2b03e3ef961460d39ee418a6d1da8924f9863527cd09a53e7501fcb62148ffe36e32783ee08d2a56baa76b03e8e8a27384ddc3e90c5f5f1f10fc3e19ce920f560dd2359d8a7cc31299efaa1fe2bd1c7673fcc093efd2f4d9bd22d2d0ab496398e716c9566b15814f757e5d75f1ede6445f7586468438ecb1e6e33c7a478bf6adf4758d575e9b0437c7b6fca3a801d6e8e1e6ced44c3ca1cd3e23d07a88f8be2f1e3937bb3fe395e358b0c312160cf9863527ce78f53b92b891fdfcd7a1f051dd48956d593648e69f1adf34bfe7c01b2b0bf2a1fbd9d133fe2b980ceb0d2fb78bd385eaffae35bd72ae2d5c48faf66a9235e468a4758a8dbaae23a72527ce5f551e1f3585a1f2fe6fc6b4995e47e72cee3648e49f1c2eba39f2917a51d9d591c6326203475501ca998639aa3c5559bae78d94adc7c35d35f956141b9ed567630c7a47809151e1ca715462515f28fafe6861df16479bce6c9fa98166b1a8a5a84959bb2dcfbf8979976158ff00ee7e6ac618e49d1d285b1b038a5e00b293fcde348b775a3af8a7187648e49d12f1307da5c04653badbe9fab8f124b57b1e2e137c3de658e498ef836d2ed8db29ece3c7dd40852d0d2ce70255930c7118eb4c118c22d1c754d3886046bb704c9a3d4cc31cd11cd29a88cdb8cff638e21111066cb3d48d6c7a478ecb530bc8d208a66023e5dcec4e84986b7911e49fd13734c880f69961fba65f1e5407efac75c8fb7f77368a095398e71c481b91ad461e3df576857e9f67cd5373e32c7a4f8a05b7ebb71b0e1ffcf114b90c6f6273caab80889e7adb6c413419e2a4038d800d74d1fe30b698dc3dbf35c474e70ec3a1e41141d9d7b369b23b594775972091f986392a3f7541dea63e101c8c7f3f551d0ded5f0463acd1c53e229e963182957251d9d021c873972e32ad6c7318ede9c4a851f51b229e0f1e5ec2fa14d54c7f6a39c3fadcb1c131c553c1a5f38ec108f2e0bea23b65b31c7a4f8eb787583f4f1fa71b49da3a39d7dc11c13e21d7c135d3c1b5f322f578463d8d501edff730e98639aa3a07b7fd7531fc3c81c1e49ae2afb9c39ee16efbea5f711ba35b7eabae96348e754c639fd05734c707c150e7042d0c79276b52ef23ef68e8e73cc31c5f182ee6e5e89bf3aff67c2d09e47ba755d39cb1c531c2fc3b9d43e7e2cd667f5b82e1777585447d6c724c7787813ae401f4b708c17cbad7f1fed0de698e028c281942e7e84ebc471b02000f5f116cf5b2544110fe142f1f8f1db121cc399b2aafdb41c6f701d79b7782c848685a8db5fa5e347f94897d0c76ae0aeda5bcc71b7f830bc89f6f045a9c9cf7705be466c41f65dc8ad3ede648ebbc5075e1f290f503a7e94dfe9025f645046764bcb1c13e2091ea1c2d64710a268d94a3cadcb286448b2fa1dea47cc71b7782a62ebaaaf42168d1fc57fa008c7b043d756cc7194a3f6fc2c4c3ab199f5f95ce4ab18d9851d4b779b39ee167f2fa46c111a4d09d6a2247f29f3653a7775e9dc53e6b85bfcaafd3eb5f88c266d2c1a79fc531403e947aefcfbc81cd31cb5565243e9ec6a418e02930115dbd511f18e90bae52755ec962b98cff99710052d6be556ce2dfecbded5f3e6711ce1b3e704c1900a85808b74a2204310c862e25d5556b1c9ed15815d30f11d02c8fe1182602145f2231401ead4aa4945280c5cd80521288521ffa8ecccecdeedbd7701f47237d25b0c13d81c03965ff0e133f3cce72a8edbe6631af66de9890599b67235f56aad3fa8a357ae48ae0ebde2b86d9e931ec4f07fee4042d53ef27f9a9a01d2131fbde2b86d5ed24f09a48fec3aa8cac75a3802e71dfc969a3d521c37cd331af505903b0f6066c78a8784a369c1da3e10d21d128e07d47f3c72e4575b437c6c0d62746301dcf23b3af04d3d1c8d05e2e3e0fea17de44d931f21460a8f2dddc6205652c0248a1e925fa59a4e4f6f543e571cb7ccdf8aa8e72a79808fab0160e87f07e557d11adbfa21f8d5278ae396792f8a419a0770e1bb9040d263b6a60a1fbfaf2598ac71c671de1117ae14c7158e7102c6053e06f8e25bb6bc4d7130f92320b53cf8f15fc571db3c211ca9ea454d0f930d51201e108e3410d05a4a2015c76df334f1d14aba1d2d3c283ed26b2c94e27adfbb378ae396f945c211a9e9b1f882c3e1a36de9f540ea5b298edbe6ed261ec3b0f3ac6884b1988fd5f247342ec01804ebb5b400a9386ee0c84131f0116af3b1128ef4ea1c4daf72c3e34bc5f17fe028fbbe41af9ada7cec6b95c95be32dcf59f5fe13c571c33c7a36a1d7b8258ea642da8775e86802176de7910ae5f2b2aee2b883e3e3265e6f730eaaf3d1d60a8fb2134074f43714c72d1ccf9bb8288abb7cac903fd6c111812e03b4adf35408b8a9386ee178493571ae031c2a1f11d072eb51be9a03c2f180fa8f97e90129d3744b3a56d0ab0feb844770de4d384a0352fbc83b264d7408804b3e06188b850e7c5749e61841d093636d5e2b8e6bf3986726ba548aabccc71afb5634016667b7eadd1f14c7b5795fcae4761745aeb41633a9028ed8508f3b3071f2ac9f288e6bf324f2f1ff016395fa2a79d52ea3632b93c88ae3d23ca5de9ee72c630564b95e7d570e23fb5592abe45bdd59001215c7b5799bf6443bb3c147acc0c71fab2c5b751dcb551b3d6bf34471dcc03188c1ae9b1b8f198ee57cfca986ca0174918ee258e1cf8ae3ca7cd618ef3ae736dc6ab95fadb0df41237c79780ccc6c3e531c57e679137edbed46da51a550fe73059543779abdef7cc7d9a3ebdb0614c70d1cb99700b00a8f582140febd028c76878faea14a80e2b834cf82ce715dc7e59bdd3240b95f7d5a43aedac0c7ced38d4076ab01c7eb8ae3ae19d2c7e0b43ab72558cbeb39a5cf5b5109df253af2dfafb53428fd5c715ce3e85cd7ad63631018e522e57179d68186d30d6b33bfda7caa382ecdfbcc476bdbddbc036bd4016e16e248db09967b1d5d2424dd6b0a1feb9aee5b2dcd13c691052bee54e52ae41d0fcf4be7000c3d2b22448c8c6ca9bd8dafb58fbc304f83e7a208b44a3cb046da71a3908f413263a262f4ab6d880201c8782d50718ce6dd202548e7985dc55a634ba7f9ea7169d681cecdb30056ca39d44fbba9382ecc67818fbeb5dcb642c8b3c71afd8eebe78574441351ec128a818ffcc9d4afe6e6d163da5cf5e45771a974b0c61872218e71c9b6b800002000494441543420dd069dd3677987a7652268e0b5e298e3782e3313b4edbb888fc8042dc6f1b2702e07b07372a523f291e42acff6bd511c731c69ca8aaa972bb94a3ead18c7df5d96f1913a8ff94807cb1cd7057c9b2f15c71c47277c747c1160096485b5b9b2f3e4416bd1d6634b7e7598aa008e3e9ac14f15c71c473ab4423f23b30163b9cef905cbfc2a3a6a3d0618fb5e66c9a90cc0b3b6f899e2989b349dd3fbc1497fa3f638c02faeb0836c3a8a8f818dc3d8479503c0a5a6eb8a6366d271803efcb26fcd5955a80314e248e51caae60c43e0e230c62a40472f081ac531374f9b40c7f03382dd392bac723fe72f65eb008072ca9acf03d2a90ef2aa882e00893714c7258ed7faf09b8e1be37215d674cac6e550b632a3c21986c179aae71bbaa56314c7dcfcbc81e05687b39dc26aa531abe6bbc2ec91564fecbcd9d140c81e43fe68832cbba93866e6ade6c118bebc69273e4e47023ef6f82a50fe68c1b66947a735d8624721a073e6a1ee5b65e62da6e3d82db40d543b83f4ae50ae82a3f12aa9b03abe2642270cd0867cf7e6b1f69167f3310436f66336be8a1148acb156feae888e0d1779ad71541d6fa8cf0134cb1ac0ec3a541c73f3dc0614c7312fcb4d842ca763f355593987c773e2b823d77be32f1b99d714c7ccbcf4e320382e3c6ba5f4114a70446a3fb6bc631b804cad348edb2ee4bb0f14c7cc1c888d63eff9bce91c166b9deb285a9b43fa923b565dc75d35f6acf2fe83f231378ffb40c79ef46a9e78241ccbf5ead7853086cfe0e8fd952e2d2a483e44bd48e56366deebc9ab8ec3b7bb9b8f95ce5995adb102ed7618675bc9fe816f3443bc37af7ccccc93c8c78df1d51a85f2d2fc11f97281a329e9c507a33444f998995f70781cc7e944c0ce82c7c7cd1f857ca9840fdc77e4bf7ae5e3d2bc3db25cf5e9a5cc1d203f3a1f31e4fd90550b396206bfda2b1f73f3e85f2303e9a18bb702977c74a538fe5a062370c7635e3d818827b594bf511c671c8791e3e3b7ab5de44a79c7af853a0759a5c6e93df9907cbc6348d7c91447fabacfc17118f890d5daad963f2158e05751e84865384c1a9a3b20d4ee08402a8eb379da138ae3c0b9b55d4159cec79f0ad30e24598349e8443e42ab7c5c9a77a996d30f677261ceee44c8c695c6c7a2731dc813018b8c162589a477e786c3c0f130fa8f172c73fa815f03b7bb52a758e634f063a95f059ed281b8ff2578a21b86e9d972ed23dfb9739fddea307674a67603c8f6e3fa5576acb273021325418e060e8ae36cbee8d9aff61c1605c81c465bfc122494c747c63239558c8295a65915c764be6c59ac062765a814bd8e90ae9c8f58923f924f6d10120be5cd2d8ccf5d2b8ed13cf192740cccc7351de9c532f8a07e15962f8712171b19b60adf014c0ffd409039fd578aa39897b1f5380c5cc51420bbaa75b9fdf81862610624e58e3c421b4f8764d37c34003fe81cb298270f848edebbc8c7955fe547e83fa8cec1ec3b2e894ffb01f976a6a54d0fc551cc536975d0036e5c00e8d62d8fa614c67df9981fec016efff38c091d66ce33c907c1adf68aa398b7a52647fbf6367f2db0665d0efeba679f6ae157e3a542aece2d5adc3d8933c551cc5bd279f4be59a20815eb72f0b77d05ea0c2467ffdc01e5f52a341323fb3100392a8e0b1c071fa2a2c5158622735c53d44b869ff753ab98af06714115631b32ff682120f4cac764de15b5ca8bbe1df2c82f6b44acc9c7718fdf82101cf3f0c87ce4222b5fd235398e3403af38663a47f6d1bc379eefc991d2989f63253a96854833ee47479c4649246b94c12a59d88144494b35e161d4fc51cc63c6d1f69479c8926160652a8271d9a43c7d847d9e9d9712dc828e1420b352f9842301f9b5e228e65b82d10e639fd6ef03924d5c0aa0420a95e54a2b73fbe0487e7516ac26a91bfae78859f4261cfb613c8cbadcc7ef3f1efd300e22193c0d3ff2a62851929124dd08ae151159f0f5fd7e7cccfdea7c6e0273b11ab24711683a9f13cdcf7be739d248f32a9e8cc27569e503cdcbe1a22ec7b571be192221d2a4a900c2f155f8cc3a0f10cdd3be19066924b370a5c5a62eadb2522e574ec7bdf20e944098e91ca9a636f38c15af94731d2a7c68c531e1c80d8f5e3cab8cb0da6eca389819ed078c8f4b9dc3424bf600524147a0ec7ae1e3a0384a7cbc103272f6d1fb380d60d36572266289cce162e9b8a7ce99808434439e97c8194c1f47e0cf144736ef79f9790442fac9a1a6be154e11f2aa6192639de41def591292f41166bd2af11162032b669018707c44843cfb8de218cca317bd681c8a8deb2239ffece1ca2882a40bc1afc21ec8c35c5f95116419aecaaa72601a3b443e3e571c83791c7f1c5262ed4c1c9933ddb2857c359d0389c96fe3f7f03eff0ecfc7c1ec57418efa0097e54096ca01921b397ba2380633b61f1946bb314c0e257c94894540b8989a18f03e3a67ae03483d4746ab60ba0c407ef6017d70f2ab6f14c73bc74717131d3dad6daffa8f187ffe7835af2affa2bd200061afc423fe07a3c489515228c9ffe841742483e218cc7b191dbddd9d24275463e9fa0a9ed5702f9ff3f70b96adb00f8933bf2a79a3140030adcd4d1ffc4f8ae39de3b4c0fa8a54ce62baaa9bce5a5d313a4af240c213cdc5fbeb552123647a758691bb6920beb64f81fd8f8aa36c04a481800024cc47ac221da363ddbf8dcc9c92dd8c06deca9ff05e7f0c717f4e20251aa29c3e32d9ce559f0879fd5871bcdf676ad5276db15a46c62be58dc06e91d247fbef1c9add3f6e659a26cb1fa7822a48e383c8bae0e30dc5f1ce499ff1710a82304dea58aecde195e82823c32c4dae3d95734669c27f771167155767899c6edd474a4eb3e474f537d62f0e01c78fdc7f4ce1f1d1a3719888977a43a936d7c0fe94e4e441e614e90d95a75c1d8d99c712496cda65fca58238647c84793f072475a4f53e3fe5bd83f6918f7e882ae7d5a331cff761e7f5c7bdf928cd7bc692be6b5f70d84389b4b8ec89addad4ccdaa9e191f86850965921ae768cc35408501ca3cc7934be3af336249018b15c3e73bdb75cc5e98bf306685f46074b58cc729409eab6fa8f80d99c15c64632c86f011f45b253353124908ae3dbf83bfd4f9eeaf0aee39f2da44dd1e457f78552a818bbbe741fe58534f9219d578ebd147ea0cab55bbf052677ac521d978668ec48ca520a7ff8df2b8e6f131f437ceca73100298b42f6e01cee9d39a2f48263eff0e57fd9bb7adf388e2b3ec80c1108bc223c40488454472551142bc03833aca862e2dd851188853ef61a2665b0e7e05c288e75a400d5a208b891914022e232d713b4712aa482a19534d11f95791f333bcbdd3b52958bd589fa2079a204feeef73e7fef3deaeb63ff9082978cb7a7201f55ab0e50bf700cd7738c0c65092c00c3d6df82905cff80e35b8e727641d291c3a95adebb9a4a45e1aeae7edf18875bf74849b0ab5191815fded6c708f4f9b103a672a3308771aae1233199c9328bed8e021445e362f801c710e7e0c015b41f61999be1608361d442bfd7a56b4dba365645613de61b29c3f25b11bc6f863ceb181ec15a6a24a4345ac695ab5c3884df6ce4e3dd930f38d665002424b71c8d49a5a2ef5998938255c341dfe69de01319f90d38d6335d0897ea8c92228e519413dbdcfe8f16f5e4f45fffd1877835e2382e6098b0ae938b3ad4a11ae9e56134d4b9c7263e772a9e703f1896fdc157263ce07883e934cbf8f76b07196a3a49fdd75352e60ce47acf711c26e51c388a54e4595a8f0b231e18c2be9759a56d8c3a9c39033e4a766de06ea9c800418b5b45e85829d78d0bb12628c134323238c81ee338fabea6a337acc0472de28b3e4eeae88edad9aa9c83594897ce894aafc83666b19762c302898e1d4b6198231ad68e9b5bd6f86c57d82483ec2f8ec34745022364903e106cd600de7bde0adbff3a68f9c32a71fd38c63619660f964d6cb7108f3d6b3a90dc06d2fae4437231e0935ee3189572ac7b444140bb7165344d5c5caec9211cd6b383068314a7e2af10fce2ea818493cbe6b820d06a66905d5b28331f950542aef719c7e1df123aa2e631038a0895037c79838f97748fb80f2244a961b51f842c27c2b466d6b537a96ec584874c47cb5bba21cf461f95495e6e30ec338e6f53ef08c38fdabfbe8580630ae8c1e2be87cb363c14e7ed32e68f41417ca20946d8b2a4f9688f58a67046f61b59af4597b68b8f168eab5b9a4b39ebf3bc5599d2d17f7fe5ceebaafa0e70cc32beb1c066f0528a456f0e95128e1b565402e07e933ec3cd75b63e60070539b56c91e4b98055b4cd6a860e12c26baa057c3aea711ff95fb1f533062eeebc5e54fef1ad046a66b6b682f2fcacf74a3e86e1368a76585e73df053e9a4c3b89b5f15533234636713c47c81ce64f32ac07d33da7a2cf38d67c7c60c49f5e0388d3aa9add85029d45134894bc9473940a6ca4ff85a58951088e26f6fe5d0e543d8c3aa0a8d4aaca9e5ece478b26c316109951e3e3c1497f711cd556d5d9ff5504e3743af95c62cc43a5cc8c6a6728efbf14211b2d2f252dbd7bffd484f11f0b302ab502c5a026880eb2a5c6cc60d6b6204d11c93beef51847eafc4098a0ff58258f534b40c6f900a12f769020cf80b49eda8a52d71270e4e3b1c982dc87c8e8561a56aae6e9848f0d2c61d123e257e646a159f974d45b1c492b571465e906d502c8b8f06ffe31957cbe16bda465ffa8571755915e4e87aa6a583ecda598ed63c363239698e856f1913675d6aa80f6b802e018d46188e87a7f71bcb1063d8e71a1ddc0a3e831e4c79408094e1249602f23ce71f893d5c2b481ca68170fa76c7f4b5064268cc5ba0be53db2a1993b876359b2772f32057fdce92f8ebf5ec3a356a593ffad1601c205e08984c47010470534af23be184c47318e0710907428c9c0cb8d832f6550353b05d989bb6085a49189b6a303c71cdce32e5e39c8fd8f71de5f1c7fb546b3e4029ca3876fca684ea7d5b18588154debe5f6af3a085e9ce4061322d948f6d61e412e4f5d63972429ab745a262a97bbf858376acabc2cc677fb8be347c0c7b2cc064f038280e114ec2b84acf8a2c7f44387398d8ba25529958cd3342870d3dcdcd802c11c96ed9c1344c70b9a98ac99ec2e03b00a794e84b445de671c7fbb860758f5bf6715073984a78772722a7d6646918ec556e4c5845498bd93869c824a193317a31f495054a9f8d4d55695e4ff5a1bdd590630e978c778ec3dc0d8f517c7dfe0fdd54c5d23a7d8787c8e391b0009751d292e52e8382624db44749424d5cab0212d9e8432baa7a2ba54e7046be5cbfca3b1c4c75d5c4de683d71ef3f197deac7ab3b9fe53446e319dbdf2682e30d65954209c33d802c9ce1774ba7310c7551a479b1938e183d700e6954f1aa18d53ad785537fe05d2ac0afa97bbec2acc05cc51b189c9479ff908371fbdd5bcf7d48347fe71525533e2e3e2187436987b6428ec48f8a896d1913fe54078acf81a954518152c424218818dae73a7473db0ac052f05644276e19897d03c050789970efaec1f1f8ecbcc65f66c56218c330292639d29783adafe98d59227268e6b11528555f40e7f84edad967662fbd8e60dba4536a9cbd7804a6e9171b4aac3dc50bae711995e1465319f23258b9d2d8fea0f8ce30fd7351b9e7a3a7abbfaf5fe6c514d5e4daac96412fda38f74a0ae99bd4517d92a04b873bbe0a3f34b6688819412ab37001af351c291a54e18932fc7f7ace260896c5557b33c4c51fbb71246768afef691d5f881e7e3cee6d18b59b5984df8f10a1348e843fa6f636e3185d4e92624d5e9d354f4923e8dc42cded2c01dc5a632f8c78e7049b63d25b846110bacc96e40ae01e4943f121fa10c500c7a8be38db571e6b9b2bd393a3af236756f6f068f6a360123bb587c05e68cabacbadd6624fb19221ea7826575f404a7338d8d62457338f67524aaeaa8e4e8baae0a1a4b1c0da93bc931930942009b87a564a084c79ace766f71bcb535ce3c1f7158e9e6c1de6ccf3fc8b4421a399d0abe409c67266b90a62ec9b8347a0d4012be8e4a7082631be5fda37399e9986c96ed776523cc11f579ebd0ecc861a87c97c29c398ea6fcb8b7385e2f808f868607afedd163369b70a175f20081441cdbc61079065d8e10ac728146d5d2450993548ab51b5b6f78f25fca361d658391a45e6fe48fe9dd0ef82f59ee76ecc21c35dd90b9d2571c412d67bdcfa261decd9fedef3f7b0684f4312bf2f1b3539fc25993efc03696aef623248c92fb8838fbc6820032b9d48c242beb3f33782395a6b554cbaebad034100ee95103330a3bda35f23c261da4d9ccf37bbdc5f1b828adb25bfc81d1cbc3c3fd7d30ad943f5693630c137303814e970e47301d6b820a2a9eb28744141545ab62f04e40a12e9d4f6d854a3a641ddcb5aa751d8d2314980c45f7886f79eece7a8be3f71e472bc396f6cd9b4747cf0e0ec0434e309f9c3ce47d0a34dc7a6e52876a3358abd14185aa9afe33f2d13f375bdbe1aa79c7a601cd1be5e222417e9e4ce500bae91ea9483e9f93752dcb1ee3e823056f32af041c7dd48a40cea82cb098fc046b6bf8eab7c71d6c0498649dd6b37d559c68386af8fbe006f094833b605515c0e5968439dc54914207d564a2d6699ad53211c2ef625dce7dd15b1c95c7d1badf25383e7b818424bb5afd42462bb67dbd5d87e3ca0cd0918054b140d714e0209c6b776237ab2de14046c6ad9234ae558bac7817525a91433a02217719c9dc0d7b1baf2a781d67679bf103474787070c2454cb6f89806376f651c3937190aa905b3ebb800554cdc895930d768f4a98dbefc2646b8777d4611559d84627d3311d9ca83cd7e860d7b8cb75f2a270fd9d0b50b0c73afb22e2e8edeae1fe01a41e5435ff396e63001cb78637bb0be3509ec3810eede1921caa86318f9a9d3ede5dff8fec6263b2b187c455988eb2ea351579d405563a1330de4db4f01ec7c1667fed2a94b6dcb0e6e3b5a3972f9eedfb80758686f59f42f12cf7c7a30d27bbc5e318ec381c7485bc3fe421d46874fcab30faf69b8e5895337eec6f303b69af206d78ac316f4c808d39e580dd4d7386b1dcee2f8e0f72e0e33081f1e8f0f1fe1e053ad3aafa4a600fd97ace6e0c5d178a6441511f8e0e0d961a698c703c4b357a4f7a9a968377a84feec81d59c1158e05a2da91ae3ba4cf695c994b72c73913f20ffdc5f114ae3cb8daae3ef77c7c7970f0d4038962d67f908c3bcf6f6f76e0186b735a710106b4ab10a320b6f0bea3cd381e4ba93d8e4d5319d759e9bad9a14329870f3eeaceb9809ca898f0b12ccbfbfd9db77a88cdc593f861cfc7a3c7fbfbc847f090b02ac5fa4776e69fec96cf01e06407a6149ad61fab50e286ae15ebaf066f70e0a36b464bc793047c5e1ecb3e5a26fd66d332ace3dd9a8cbcdbbaaf7de4eb80a3a37875b43964ff7800151d6c79781c71a8696bb814c7906d848b7e107622a970a71fca1ce1e1111c3c1246b7f493615396aeb7cd696a3c9ac67581c60cac2db0ac3a9fcf239225dc0ce82b8eb754be6335e71dc38d6b9e8fdeacfa38674609e4df258d55dc1b2de723975351ee081519de9b83ce52d79b05b41e7c938c6b843055f20440d86346f5721a7d253d964ce6916d7d676eb72e0170e2b1d15f1c472a37b9fe247ef8b9c7110a0150619d525d0e86aed6bede588163ad36d5bc12d0f08a0ed84626318704860daeb6d79387f0944848eb93258b38745d5ae0f98e7a1ed362db714ea1ce3cde0eecad3ee7142aa75782aff6301ebddca3ba1c6aaebe44bb0a745c8d235012c4ff828ba4f1fc2d802969219558bbdad9e1a8cf598578956094698d08fda3ad97c1d89a8fc143dee9338ed77d4a216ed347471bcf3d90877b9877cc268bc9e2b33f83acc3dc1e6e5ccc47ee48c8b86f8565c40ed438197c76eb6aa72647cb161f792341a2ca8297022e32cbf84052817c4cc29cf1ef7b6c57376ff8ef8e1804efe8dde3c121a248ed8ebf7ce77134e26474291c051dbe654a6aae6c4b2c1fe0c8cda34e61dcffc9bb96deb6b12bcc82cc0c0a6b4302852b641643018561c40b0272308b66a142ce648066e116934ed1c9b2232a501751d0e1bd84b2995988bcf0a6541f24e1fc8871e24831a4859b99c429ec1fd5f3b8a4e4478191d23601c8bc15c9b0f8e93bf73cbfc35b9016f8a8bd55aa7a9d33ac7395eda6890bae6f2f6a8dd02a96eace957f87b7d2a10773bc4418040464000764f7d03077bc2f5cfb47e2e869fd6b4aadea658d540e6e910b7378e58c23a7c7cd797388deefa0f37bf3c083851eb7f5cab2ed7b8b150fbde2aaba386ec11dba3b423a128c591052a7953e1fbf329a2db2aa3f0a474c95a329648d2ad3d3fb1a101f7468bdc3ab8f470efc79b760519f228d64e663a1e761a1d807097ed004d83657aefe704f573ceed995c6b1717c12d60fe0b13ac198028ebe8f0d73bd4167f0e02bc3b859aee45b76ed43b9e7afa83f1d5e1adf308cb2c2a19744221d5958d72a6b9afa43826723d29265e74dd48659e0e39a5b651cddb4ffd8f8e9067311ae280887f34ee4077f34ae8ddc1570242ab14c03b7125362e6f03f2e31e319594a02944257c6052051cc1c0ec433b87e30745d74a190fcab0af3d14dc537a961d45c381765ace2588a20cc30ece8f9587e9c3cac3d9a3f7995a5484d3d9a4cff3ebcaa5ae59518128c7a69ae8e1d17a724cdeddbd38e90d15046c18c68dbdeb90d0eab0e405e5615c74d31e84899a213f9284fd63bd8f21809ff2815dc4c8e399de922e84baf45e2e91ccad1102c8757b8ab5ef99bb9a06b6f7a458fd6fce977c7f1b038b7c50cadf64e7bc1611d5514c7ba509994b1c0b69b9779e6acfb80a2001c31e6f025d8d974d07bfa5638ead216f50c58c6557695dc5b4ea9ce2347949fe39e49cb9a6f84305fe31c11d97cf0a89d8f3cec74bf5d9ad5fb6e457114215851111ded9ece8c495d291718898eaae84c27093baf762a9cf96b378dd5aef9aa9caf2f4fe5f02f4d49af54e7a436742e4297b5b193f2d8f67d316afccc98e3885980f700c77751355bc7c350caa00fdfc36050cfb2c449e106e1146bf020cf919a7064e622295fbb61bcedf5f5151b3eb81b80937946311267e99e4a6b0ea3d9fcbd5fd0d117e108235f6a45d6e5c7a7efa0e0f81ed491dd1090023eee25106f244fdc3c8b733b0b20e608e19118881a614772988bff198e5eb966cef3f4dc6aa1ece11540cec5204def332623988c4028f8f46deeeac00391fcdca9268e69064801907e3d131df924c9d32c8e21f40813bb8e102257e119515217c56b6fbc358e7fbe1c3fea2967ee952ba5c72c9e2ae0463b4b67573fecf87a52da271c1b1f59f300f26ea39238ba07589c927e74f473701ae47e98291141f8887dc8b19411d62001e548867601e47f818f879760d4828e5eb1b26abba867684767214ddefca0381ec1e2e749838b35c50179a79a38dec801a7ae1fc98354f881d83b42dc840c093fe4a9403ec29f52e51ac8737cb4eedfff7e69186f1e1a978bc89495e5c6d5621384878dcd66ab9c0bd17a8f6b3cf10ea4145148386e593b85bffa934ae2e88e01ab2ec68b7dd1053cf75e50ec88ce0d0389ffeb93718df3a41e5ec0f1d721052e8f97c4b1f6ec92bc6a93dab278d963b999a509918a451377dcc8acf9b8d6296044078cdecf9c8fbfad248e039cc409907621448c4110bc0884cf50f2c1089ebd2f053c83805cefe36bb70a044e4676922475db79b6241fbfbfa83f5e94b9b858a5e9d8a61c0e90b4c5b91c0da4550bd85985ef0d2c07bda5873b3a7ad4eb1f2b86e3f5b110437066e228001735020827086b9798481147140da5df9541246305feecfac11cc76b0fec3ac19824f6927c6c9f17c9d57ac794cc5918dec0cc7a6bbb69968321fa15b521b21161844f971cb161d5bd393aeca8168e9b6311e511848f2a0efe814199df1d077883808400e310d00ba6f0208e9923da0064da6fd8bfa0db794b418452a7cb767697c2f1d6ee858155d32877577becabb6c959c5b803b593d8a81601e4b58ecee5c03719c52336ac45f1b151411caf77558c9e29f06ecad7584b75004d013ce0e66c3af6d10f0220637063553278e4d2bcd55a1c4c8271920323ed64c94c5dedf8c2b61ca31003f5ca90034b53dbdc0c7b818f86e16326078104f31f7d436fe82ffa7cbc5f451c27102a2a4abca9840b56a2c784441f02ef56ef743685fb25d0e8e2ac398496d3fec708851fdae9f4ec284720477f5b0ec7b5e7f382b32662c1c7f9be50b4a7e0b162730f0f4ece0deb98b4b602f2a543c6714be3f89b0ae2b8112a1582b5049e25b6cb531d493aa6560ece97f833cf3805c3eaa3ef0a844c63a9d2d943381bc7fdc613b8a3bf03f0ebf6fa92feea27b385deaa856b41f9aacdcd376050f1b7f33b5abc379d0efb6710de6a3edeb0d8ac3ead208efb7515a56906f7028cabcef1d6f3fdb1dfe1fbe4770660006fa1eb13047444866194867998e7935183a6203f8533335f5fee7434cc3baf16177318acce6a1ac546c036eb67e30401e65d392bb7a0d16a7ec6c763d7c7539b716c7c7ebbdcfd58351ce566ac6215022b559ed80e52d24d95bd570a04fa532041ed35deb22ec6266085d90c8bc4b6e98cfb257c0486c7cb6ea23f7dbe30c9d82c3a3e78a740b17f0e0bc8ad76b3d5ba4283fec34e4051078446519af03b3aa4cd0f2f9d0ae2d8af47591867712831a4b01d67f3073cf926e3a2bbaa8379976ba7f0c1f7836e278818c42c1723879d56f34e2407bb4be773ce9eeb90834f46bd2bd75c10e2204116deb4635a7ae6ae55aeb95b0bd85d253e7ecbef2819cc5eddfbd27e3f70fcff96c9fa7515a7799ca674c8398eb345f769ad17500cd209d0ac1ae614ee197aaf31a318a9411fbec2c71442be918396b7348eaf0e751baac91a0e7a54b5d809497b42b4ca2e2962b55a855a168fb3d686e4ae4acae073dcb1f14e0b8eefb68e8c338e71a662725a6d30ab1ce0d7f68bfeaa1e2973008e2813808d01790a04488f6cd7611c4fe5def26c344cc251bb352509cd736b56b5449dd736687921690ff0d80f7e8521a7012811e01015362b8c63ba093632c70392f9a81b36aeed6bed557f4a388ec7e8f208ac8048a9a41ac0e1b8e96ec20dbd1b0e8fbd15ca1db3eff43e4e6a883c37ce58b4e5941aaeada69e9ba4112ddd38098107da554ce748b668fd0ae3b8414d1b605b338c02f131f2ed6fee63b91d7f9c902ff3022291a00bcf042e86328a26890b5fc6f9bb7173bc0a1b19c7e26c641787962e2d2eb5e3ad9e685279771298d6621f28427a028e1886b460561549e6ba4985716c8c68cc31cd328411ed13c152dbd36675704477fd0802115fe519388731fcdc7f80c7ba63371e9ff6562c3fce8e0d5e2358ecbe5abc5adc434e05648bd5ab0abd95728af90d9a550032123a7cdcb0ab8c637f33473d8798f888f689e02186a900000c654944415463890195dbfd4e6f1f8c6c0b714418a31802cd3852e3587b681ba7cf5683d19c1e13b318438a3dda3c9adade2ee9d8d256559f95d8a66ae8310172582979087cfc96cec76ae3b8e9e2a023858f09d7d5293a9b128a1dff4fd76b224c6747274198ab480aec0f90e9240497c805420e1eaf48476bd6e2c97373918fedb207c0d3f9546aae62717a0a42d8276287151313b28be50e3a1ffb95c6d17d44820e19c51d1ac71debf56bdd3531e5a6c7fcc4579960273f568fa5b213caea8d1fae88e3f6d4d35a4600a471ceae729b6a8bf2a93ada309b6565845f85200f3b982dc41e307657934ae3d8582742e69806e0519d2fc560da7bc1a547795257d4a9f3ba9b073ea63263b0c053c9b91f67ebe078451c6b8226e23cbd7dac59aed06629ac56b94680a601381bd0b27867b646959b01e0c3a55c97cc6ab571dc7804ae671d8f477ec44da7b3d929e56de22cfb171e9e2a0f27027b02b0b8a0f2f44429a263639aaeda65b5260cbd4f50e7003c1d4072d6460b4316d938cb9cebad201f0dede80023c14628e2e37ac57174c386e338009786713089a3e06c12ab389279fa4f7481b25c9d44f8e907364683b3b36e0ca0c397b971b6bb228ce6daa0e0a3b928c26915f28285c69906d3d2f2499450d77cfc009be5200e5209e1d8af3a8eeba3060583f057b0ae426691f07b136e21df3fc814fab2e28b005d43110fa67e380060eb98fbf9abe1ad8ae327fb85d65f29fdbfede941d5e26701a1512c14b00cae31338eb5215a56192a32246e52751c6dca83d453dc9ad3f315b68febeaa3907b0759863d00e253ec67ea46bd894273fbeff6cee7378ae48ae3aded6261651fd22365ad11b94c279b11720e9df4e610c1a17259363756bb0a7bc885cbb4111c188bedeed1f8b2177a467bc95859ba47e68f308e3283353e58bb1218853f2af5ead5af1e30e354233168ab01433118e1f9f0ad7aefd5fb0177234170cdf670f4fce8f2d08f446855c654235186438d8e9fc6f86b4a303b123489ff7d6610241fb17f0be8b11bfce239b6a7ed62d85b2c7a7721069ef3c6473c1f2049f6ee54e3b2accae26691ef24c5628747624718c3fb8d35463ffa64cf136dada51c234a45390e15035a95bd2aed1e2a3bcba15bf2821f8f1016c6e3f197ce3108ca69d0d94a81e328c7c647735e0793eef5a12eb92c7ff812129a163b455514fc6e0476b19fede5185ddee3e91b7aa08a6efc49f43448ded15ce4e6c8522d6eb0f23ffe31e8915f9bb22fe3e9ba717c5fb766adadde0edb32cb22cb9916e71c23e3c80bcc47d96d8677f8ac181510c1aba61326826d6acb91e99071e429ffc2c691ed5945128ed2238e8b1013e988d1b2130479e351ca53dce14bb8b6ffbe2f1cd7a04e472caf26553560767c92a64c8f8031b9df0763753cc8be4dd3d1a280e8ea006f9283f0475b8c80e1f2130ce5c84d959887a28446d093a45437c7e67a146d9409b3bdd8f1c8a3c2ddd07194cb76321d33904c8f596f86b3adee7f0fa19ef138fb166202cc022a4556473b086dad1cde7b8571e4dde7a41cd154e5cd2079febf9c4ae719098f7a769dd8587b3df03af8be1a388e7a3963bb6a59e4293b1f6770b7d7eb9d4c18c46a3a2a981e1f9de5f988ab71c29e56d7d677e4ec369e60f7bfdaae6ab88e546556214fa2a60de0e77043e77996c1f1083945bb8ea35e7e3ae02374a0a51cbf13ca66f7794e2bd3e319731ecfb2a2a82ac418b4b6ad8d1ce0b0f12f358b3352d7c586eb28fa98abe11f7a6096e88c049daf6f27105e02c3a2bbef38ea653787beb945b693f420993ce37ac4849cb36c277dc1f40818dbed80b9debfb63f1d91a3b05423dd84de93fd5524d82588c46c690db7324986c928e176e8381acbac1a0ce04a234ba1bc8ab9918b89c88e3bcb79115639c62200665bd85e3c22bc8d87c2c85118e5e0724ac5a841aa4a57695d8f91e4782581c42ff80afa8ea3b9dc1a8f0adeb88339668f8aa22738723d26105ec5349e092fc8b73d1d39c9cd87d88e55343792033e254544279d0e0c059881003c20aff472d463e7c871ac71840392d791c3b7a297708eedf19471cc0164c123ab61f878f8b36d2807316cfee863cd382294fe055e54f15f1173a492de60d55fc1405e497348626889e3d17154cba462062b7fa06835651c19c8f6b44a5fe649be93c1f93809dac3c537917d488e5f1a738e9198b44ba4f43cd506003d49aaee3f8cd20e7d407e9c0e302ab71d3a8eb5e5e3e9180c9d8c5787e629d72348f2f1cb02f5c8cec783c5b4751ad962e473e3e2f8d21e6f20477db177224e1dc6113f7b529d722a688de3f5748c7aec3b8ef5e5d501846a8269c5cec9a2423b0738fef07284a930d5b4d80d2fd27df57c63950fe320270c28111971a2b30a557a2472c0996a456694e8c4ea80dc48c710ce09af1d398eaf954332310e673d88780d8a74f13d9c8fd3e9c1718edb6d85b5f85686aaf0fc78020059f0c9c826432a664412d5c28cd41c0eef353d6eb27d75b21f84dd96e3b8b47cbc48fa70a35cb2ad755a658b3ba8c7f298c70746a33946f62ddd0d8111c2e32f6ec5d8ae9a18df85f38fe1394f5659e17833c957e50e78de25e0c88ec732741c9797b278b01594f3f6e8de31f73b2607f3823924793617393d2b63a8f561c6a2304e7ce017c8b74f3d869168254a5454761f934e883272eafe23d7633e6db7824e7f1d39aed1255a3bbbf7ace2fee3f0d96854e4c502bb93ebae2be786de70884eac65a8db6fa01eff7b1a47be305489e83e2ef4a86aac444739ea69351ad28ebc4b0924ee85ddfe3a5c38aec33df2f959cab30a4ae58ac531b37bf27bfbe2d5cf56ceee10231b31168e48c5e53fa2f44f0ef180f4642047ea517bfc623a3655137b9739feb9c7397e1a388e2bb3220b28ab4bfb5bf9281beeca577fbb6228121fec800d1ba2584e4652d5a920477272c85effdc9762c48a1cee5cc45e2ca6f01a51576a38905a8f8c231c8f1dc771e5121af18de641584ecb7df5ea3f57c911c79245528f323d55143ab28fe4e4d427bee13812c113665f4586db4fccbcab9a203da6c76ccc4ea53b8ee305b22299fbbfd8afbfda7ab0cad74792ea5c34d3feb130c7ffcfd7ccd8a1320480c4608459a4fa91e3e3a9182ba987f6a0b4b5974d99f7b8eb385e6099f64e8e975e6d1dae0a8563ca06afa892c723cf50c53313c2aaaf6ef93267834b9267e7f0aa713ecb8a9a3dcdeb2de6951cbd4da6c756f8fb96e37891e5f0b8b3ccf1f442dbaabf2c459e1f475071ff38e5e38e88c818e717ff9e288614b11c22f23b04485a3f1fa16a3a053d96a1e3789125ffef5ee7786bd5beea7be85de82352e5fefbd806e026d42353d9b21a3ffa622e1dd51dac65ae0779ed261aaaa6d384e9f1a9e368b96cf92b38e21188068eeea342e35884c919abbf1e42b29402a9cfc6385679ab46f8dcdc5875c22b9c8fdd5dc7d196e32af7510ecf89a348bb90a24915fa20d1270f70bc3c47048e3f18aaa8dcc8304f550aa4d15a4edd237bb3641a5e6d398eb6cb553139a947b33a558c6ac4ee5551f4b7433848a1750351813c5f6cac98d541c5953231cf46ed3e0a8e9d7ba1e368b9ecaed4230fe8c84a1c11a5f365d778aed2a7a7488ef05b0f64e84b3d5265a22ae791d2d7efadbc593e813b2bc7d16eb9ad078bbd792259a4f6d3c8346f749b9c283afab7c87be4ed70c4d44e7178ca7c0e7de941a999c7acf5b8d36aef3a8eb6cb3f9823e2ce392085c0b0f3a60ed02904470fcfb39162ed6c882400b2948faecfc741a7dd721c6d979fbd0da200e9f92a36c77e1031c4537fd24fdf9d1b9d95fe8688e0603a2b79431c80716c976bfa5ebdeffbc78b2c7fc73b67d4ad8f376932329bc645712da7e7a7b796f950625aa8b4ae48538fc1604ddfab0f81e3aff4adeec5d2c77ddf5f2e41ff6a55b916f5cec1a8dacf79def341bbef3836e248ebeff55b2eb1622f928d8d8cdffeea896de6a461af3e1f9413c7d17af9605931abcaabded00fe22fef84e3dd2c701cad9787d2106930a6ecfa5e738ee4f9dd81e368bf3c5dca44b46a6865cbd12cf0f8fbbcef38da2f6fe9f26feb276eca11ec9c8d79e038da2f23afa91a99a0870d398203793de9388ef64b254762cff1f3a67a848df5fac0e9b121c786727c071c9920378e1cc7461c89e883f21eed1c00f9c5c471b45f763cefff08e89cc7f1c0de44521bebcdc071b45f5e53d1326acfd2b7e718a9abab3f761cc7661c2969a847b265bf27abb4d88f9c1e1b2cbb3a918df8d676ce813d47ccfe8962ef4f6bcc71fdef1fbb92621383f5d25e93cf8ef87d98f7d1fabe571f00c76dd167da534d352c9e1bc3061c611636a4d5398e0d3936f71f374e22af0948bea13b8e4df7556cca40ecf7d61baf1a99498ee3bbe148bd86cfe62baff9e33836d6a34814b6763e6e58cf8cf83038fe0fcf7df3380068c0240000000049454e44ae426082);
INSERT INTO `images` (`id`, `name`, `image`) VALUES
(3, 'two', 0x89504e470d0a1a0a0000000d49484452000000e0000000e10803000000e6af49760000013e504c5445ffffffffd192325c6c755e305d1818c35d5d92a8b0ffd796c99469520000ffd49476613149676c59360affd5955300005700004e0000afa2875c131754000d745b2f5e161555000e590c0c5813135f1311315b6b58090972562d580d125c18185b1d1e70502b5a21237159286b432661251cefe9e9e6dede5f1f1ab19898673923e6b680cab9b9622a1e6d4a29f6f2f255282c896060743f3f936f6f683c24a78a8a945e45c18f66b75555953f3ff2c288582327bfaaaad5c7c756393b6d24247f4434dfd4d44b61668e7c58a7987bb49c9c916a6ab6835eebbb8475382c843434d6a575a46f507b4b4b835e42864d3a5b28125a2f0e3f4b5776919b6e3232505154534649866656ac785646414b4d363d7e97a15a7a876c2c2c514b4f703d379d84717a5044816d45815c4e9c72507b4f39591b0b64818e4247524b3a43b0222d01000018d749444154789ced9d7d5fdac8dac745a71b125a9234213c0841bbf2208a88082842816e155360697b3cbbb45befed764fdbb3efff0ddcd73593408080e876137a3efcfe5857449b6fe69aeb6926c3c6c65a6badb5d65a6badb5d65a6badb5d65a6b3d5ce5e2553dedf545fc83bae2237131523cf4fa3afe29b57902d2e2bc546e7b7d2dff880e29204a9249b9f1bf67abed11208ca3c46bc5fd46c1eb6bfab6bad5884d5a4412b593f2e1dde6dade2f9edcdc9cf4aff69778b397aaf3644a0829cbb757fbf5767aee68f665f1f8fd2fcf9f1fef883c2f9f944b57a5f2e5e14a5af8499c62e5b38a32811997445e8edff44ba5f27efdb0d1ced8d46e948876fcefc7542ffefdfc42a2e2c5fee5ea31a6256aa4f9d0518e4c32b2e18cc395c328f1bc28320c11bf83bba2c5767e79f17804998cc1df898891f2cacde18688244a7e2bb095d8cb03e40ce55cc562cfcd610431464d92562ea6b26908845b5b81c0d6ee5e2e85948a76171eb3e48bff7b616324314d93cb5e134deb521e1152c8402871749afbfd5617c391484457a2335c5145d7e1476151d43429f97c8cf8e29767318dbff27226360e67c3799911a6b6c60a043efdf4f2e5c78fbffefac7ef37b7e8732cc535727bf3fb1f7ffefaebc78f1f5f3e7dfaf1770986f1f178188f6352ac9cf1820d05fe9d97b5f254382f332bcd86b6ecfaf147807c7ab75efe41a4887d189f6b925cf4263c36e85841ce224dd610fb6c0cb389c0d614e3d6a79feea67cf9eb8d241d8f67e38b5f7600d10b7f5a17ad6904f9757f7f7c9719219921a4945bd45e17337efc4382d9f8ef3162522c7900c846d05444946e4b0df327973c739bbb0e846c28111338a7415f32e130eee8115b6cd4642f86f0244231ac5807c6cac340e2951cb288af1c39135a9c0b14f8b49b2711e9c2643ce6bd88886d895a62ce96994524592b960fd3f51863df9b471808cdf981ed2d902b84a5d8317ad55f244f02e2253a4c25b7b56bcfcc20c1e6a59b2459441808e4f27702c2dbb63efe0909de2f102fa4132f00374a8c10e2f9eee944863d4a5d528e177e4496e1037d7afaf43606802f229a27801b572223c44161d9e7549ee20018d8cd87738b26a75d2f9ffe2a2120913c4abc8b2342640cede652f60c5b99753380a79085cec7ae1f7f32017724aff2193b215eff5668f794d611a8fc542804534e29fae8d5c0d19d849f9efe89808f9f899e15fb8cd03ea7604a0612bbbbbb89c0145e680f27aae5770289d4dd961a78fa471cdde885d8b8fb52fe215df1d384ce979a405fabe4420c2ab0753a3f888cf5e3d3df29a03781d054e96ec240e0286fb7d9400006734ea23309f8f2f738e66cc762dd3b4056222d200c6ca16ddaf18eb27a3eb48ca7f9f1e50d03942e3d046425929272cc4e025b891cd2654f47c67994d297314faa9f6e29e0736f5299916865e144180851dbcce676b7c6788a9272aa349cb40b802f560070e350d66609212ae488ae674f2d3a36f714656f393a787ffed34e6c2500371aa236d5a9d84a9c42d99b3b0a8da205c409bb235d46a94f4913d08b8a70426d4c40155b64cba77247100a472f0442a788975fc6795a0a6543645500a108c4793836d2d0449c7f081efc0d9220da6a0016ca9a360968572094bb2f5e02ffb34b128a0978e50e47bb5e6fccaea3141a259956bfcaa9134180060a925bd675d2dfc96ed1ba6a57216e02966451e465e9e4aa7c79d8ce64d2e94ca67d58be8af10c2feb542630bcd4de3d5c0bfe16015b089c667795a48b801973818cae17f192148f49127c8db30e8ca37bc4f248574661d091c5f15502361ac8658f941d17010bdabc5506670b64494bfe6821dd9163540c91230c832e036eec63c692cb6759c167b141a6923f9a1d3d1af6d034e7e24159754a54d5a9831ac2b22a9005c0678fddf4a227118c75a1c4eede692e9f4f81f2b9dc5ec20902caa3d4de744d3879038ef2badcecf8f5e8ecdc4d1008a90125e5366046365b658151080fcc61c8ef85169926f89e64586ef97d1c774dc233de3741f2f0929eda6380c7aec541dc2cb25425b7b560ecd07a536195f40eb8a0cfe7137c0375bad84a9014d4214a7e4fb9701770a38cd330b104e07cbaada39c028357ad71828f4af0f5e4a9899820d9c0d6ae0dd0bd64bb08312f7b77637a1e1d98665657d54ad7c7f9c6e23af2e45246821088f34afe543b761b103753288e0ddd25e8c03495b0daec8c066f44e857757b110c802100cc9980176e02166ee24b34991cf0b0f8d555a5d2e538df8cb82e09e7a600f7945cce02dc770f70237d1bb93761005730745536aa338367115e67c3e33f1aca9244e05439cd69cf11f099bb056f5a8bdccb4ae9c483c10bf70e7c41673c50b06684c73d81ac82807b790bd0dd72294de20e8bd4f3c62e710a74e1b001316f2e1d73a62d95589db71400e694231370c7ed9645fa449abf843b45975260f08c218b790b25f82aaaf94703790a98c893e4ceceb30b22badd362c60cbfe8ee61fa69a944ec7a0b070f02c42a1a2b234620ca849a214211e347e4bb206ae666e95877459a4a3e9d832744c1566a50817c891505ed9b9acd7fb112f5af7750926a2b2e7907042bca3fbf120a0a3d7bcd334ed0a56c2b4d6dd5342500e86b2913edecc38efc5e24ba68f89696ab2dc0b8c36e28555a37310bcc7e0993274eccd1d21602aa4448a301f24cda3d5a57d116722adf9e8c401bb3ccad17588b00c6ee53ea6391ec2ae8cadab5d05cc34b7abc4213e1464e2d5fa60ba88fb3d15923a3ddadd3ddacb27110e2db3732dcc8f788b251898b4251070ef54c1f8d09689e4d90268bb28891162ade942b2a26607d56bee2163678aeba850496c91402007658778486b34cf96b04199fd3eed40d1be686bd8adfd1d3a1cc10355496c05b200b89b2238f9ea2291bcdde09c3edc2f95fa1a513b0f702ab3421b0de40281bd84426db32c79b6cbc2a6431840d5ef5027dc5b5c45cf07d0350776151287a1bb8a9388d7786c8fa1dabd57cc9b07089390859c3d454b6e640e6f351269a433edb68776caf650cadd6f60a03ea1abb2a608a43364e784a79b1779192415bdda6c017e2e7a1e25f2c13701bcd6955d5652e0063fbacf5bd78d4aa592e2796f1642d3712d7a7e0680b56fc007cad2559c00f818126d9ebf8aead99e9f6a98958b5e0016a568f31102fab820b76c8017386ece7b399aad0512591225678f9a51bde2b75435bc78d4a02193e8d9a3f36852effa879deeb553cf6586ced7edf47a55c72a11dc688a762da24de45387feb1aa590ff2ee5b2dfaea1100121256c3aa1a36aabe3b10b9eb0ae43c28c32fcc8c6270081505d4f4c9e6a347609f23be4e15ad94777def280ee023bc94d15a934aaabe45862a7464dd7aafdc3a98be1b41bfaa84c08312bc6b967d760c70a359806dc96e17bffd080ee0ab89a75ad4d6f502c20adbd0cef605ebe1e9f400e284b2a7a0d99f11dd607c155d393f3b6baa3d7f87bf71972f23e1a550be2806ab705896c1f6c87c8f3a50b18308efa26f8f12b53a49281ce00d60774def50be9e0ae60a6ac2f72dd9dd5978291274a1001835aea96fe46adda161cc0314bab2aab73a9894e33b3b86aacf2408320e2f0c60541f30fb34f91e9d29297f8f77b78758440b3d7b75de24fac0748982109cef4985da6038ae38044ee8b6e4e1e4bb39d91a40b54a010dfd8c013e3a072325929b7c05b0d0736a3d44af2c958a0a53e12fe8bb9e7a07d72468f68fa24acb34d057261f0caad1356437cbdf064f08bdbde02e2a0f2c26a6fd116744c1ecc1859a21703c807416566437bba4fb12ba7306d8e39875066763dbbdc429d42a9ad12cb5d0a13503998d5686bc9bf95a299ea4fffc19033ce856ab55ffc1b56f41b710ef01d59cdb205ccb2c464499850ef4f331e01938a8889bb1fe444bbeb2002bbd5498e627b29eaaf8e7a4331c77edef550683410f3da9d36d0856554c1d46415e898e2d142666aaa3255dac0c25eaef70f66351a324ad0c4557f5a16ff6f28342d550559d0a3335a7ac0e7251d21c07c18edd42612ae8d5ac9b3d28d974a208880b093c76a024fa649a9aea4e5f3dd74da951dbd33f8aaa5567262c9752f0a635a3a4ca92985776c0a6da49f1eeb9d1b40508b9b6c66ba5cb46bbb15f2ef7797cc44e99cec2b86a5827115116633189e7457a1be4c19417156accc71092a216dab24f41041ca65ccc652c4018c0b844b3e0facdcecd55a37029e10a9b7c60b752ce2f134d3ea9e353868576bbde97f136e8c624a17010c6bf09c911cb435313539002bab8169331019b44ead3d65e5dd68816c1c21b779c288afdcaaf5522deb29b5f9265a9942eec47e240d89a1cc1ae4a9da819e6ab640a5077151047901683da2d7be186cd2e6c9ee0b901aa2d0b03e7116777813d4d22f1fb1be93e0cb4dab15b32544b0c9025a21d854c00127de866d15b90cdacd19cf719c9dc72491003f7d48c926ee13aaced30ff9e363766ca871b853e8ee1c444eda8ac436002ea9380500113179dcc06d82178711237930bebdc1c0a58802fe35e295cb8689a96757c10fe563a026faadaa66ab013360169181ceac4ce7716cd0e75d1c53081e7e4c0bf6aad315b23c8b64594259ade98175ed1ad07392fcd67d4e357e69b5a9c13e0c001f03c6af474cdc5405f8cc0d59c4579eb9e16296184d0b9d616a1861ab94863f43cfce1d844e934268acd8f4e99e870d2449b7aa51271b3a62f63b974161de716404cb41bf66d5ab2bb4883b7aa80020bf422b3eba646c2b60e07cdd4c66162a8dbbd28b89ea111efbb08088301c9a835ed0b876574a3da3eb5a174316e335161c08fda450d3acce6bc052b0fd7c680344c20200bf49d8954b41935aa8ae8e6c62e287893e4d12bb1542864ea4511321845c7a3c76e8bc51339820b32d6a5734399eebc2eb4cb27740ec6caed743a7d086e349ab2cd411ae85f61f6ceaaa56cf4dc3603d5614577d3898249c6f17e472127e14531accacd568ba80a04fb089aa1ad1b211ca8f17abb5ebae1a50824da781be076483cdc05d96ff3a2420de961b0922cd936a2cdb181468dff6435575b16d446a38fce9a9a461463d8a561afda94555a2ee8f62b872194655ee455990c869d9e02b781ce457daa2703c9367a19ec81b064dbf23298d0fffc59777b5f174c21b02848b6f581b5dac07107d5caa032ec0a9357ee6f19c660c81a6a9caf6a28583ceaada9a203cb25308a73d3cb74545690d1d6e4e79fb3447679c11e33b2e83902b66c9ec22cd9270b055aca07ad9e1394be5dbfbf7b3d5dd907c1cb24e96a8e5265e544f4d5d9d939a17c3925eefa02d34d0497b9b02fea9b16d75db8a2260841c7fe8d9cb4db6895e85110d1539f7ffe4c3cd8339361c7ab10a539c3e7971fd269431b8504108c423117cd60422b80f73318a8e8c5fa99649e2d3373a9863dcb1416759aec027f4b68fa00566fae7cf67abd9f914f71358b19a94d6882a6ce5ea8ee4377424791aba1e3a92cb3512158d1cdd519fdf3b053050dff03789fb129e2cd96a0022df0a697b08503393ae8555aa95e10534c9d369b96d9a9805d0b73f549c9fd6cea735e2111efce7cc00382663721b4289302810e1f8d60cb65cbcc4a74a4567f2e8b73eff3e794ae10e9d6bb133a33717b5a668d84af97556515d121ff620a2fe576b8a1b5444a1fde53808e44f82b0f373ca5b1b8f5cfcc2fae767dd0d521c769c1054731ae6b8b9646c732a60edfd124b9efdd9124a0c2ad36b392c94651e07a2a3d2c4837bafeeae2c5edd17d815f21b712cf4ee9c4662bf1fc6c642893d4a1b3f5d5b2686f7aaa16042d337c1c9484245eda68ec974ae5c34ca6ddf67e331e3e3c09c9a8e3f506bbe0405572b0ec4eb6209db09e1fef3025ec5d1873fc0777dd6bf56acbf24190c0f6bea767c838087b84fa3c06815b7e27a9504b510feae529404ebac40eeeb48784649ae66790522fcf67e82405a98c278f122c1076ca2603a180eba1c30a6858ed1ed47cdcb49c9839e453bb0028afd839cdd8f29d68e07235ba1e2a53a9612d9b3706951eaa5219b48cd6a05373581b3c203ab61a210cf22be039ed2ac85369d8500e2bd92fb481983e94e2b7272727cf785da5075143faa6ebaa3c9cb1e8aa0c01335cbbd689d6f49a685a3007156334825c4f56526f9ec499af2f98fb061a521c225ba9b8a3e1b99d49b93ae195b8da001356b9ca412a1a71b3f9b994fa58145afd4ddc8ef5fac993275fd865f6cd9e6fdbdceed9965ebf799d85f7db3bda0294ee9810b468eee3f91132332a4b362f83ede927a8f84dbd71998c7f39c119d58e99be7f5fc29f295681c5418623f80d564184a12681cc75d5e2bce946ad640db744bea1845f445e82b18c49e5cba2fce5cb4e1b8fd7e17174df00201d6d5fc7685574b6788f8b85422dbc7a61902da2d85622a0c06184a65ec7c52ff0c217a9584c8ac8f7246bee6eab192ab81cb36ad00d812e81123797c89614a4db49d59a845c15785f3f99d59b2f5fd8cb297c0e014bfd816a2b8b64c815b0e9a4ddae5894d83027e1a86202374a9c1199b20a51e9c24ccd7edeb38cfb3284f07865669584fbf29471becd7554a874c9eb374e78af71b60de80cecda06501d06cd7e85ab47032ca942569be8cb705d03c336c94e33be798d5150aed0da57e88e4750ade02bdc40f7a2bdbb84684161ab09833e7f53d669ef219b7afd86ea350d7fc0324eeb4680ac4b2cd4804ff3e8d8e2c56ae3b29f6a5f4a0972dd0a5119a3eda0245d557aa34494ba237c31cc620c3754cdd5fbd5139e9e1e4dd5264b8a9abf62a86a58d7e9be754c41f5c93c5b18d21d8a03f3f9821ab89f158c8254f4007cdd98aa12829cafe6eff40646b3d934e82e4a61b2520a1e747a9d03b362c43d08c4dd6dd9f710dd63a12bdde9524f089acb48ceeb49c2b838e40e28dfca25a2a6d23b98712b72cfa1d45b4adc359da6eeaec2df476db694a666ab0f798a5ee0baf4e30fa4158cf296da6c17a8a2a686f73ce501fd5105d7ed3d5b425a4e69b64784286179e0f72ddf4c0b066b3d95a5dcae3f7e754f95d92062b80b57aab801ff2e487032104c543367f3e839d67ba8dd97ad631e81d1a8540f6a74ef8103277b0ae8a03320e6e8118d5fc12c74468737bc398a24190548620c86feeef54ce7d077ddadf60c1256478b652bf88160ce6af425c9765a271ee1a1ca7218227da562b60e8d267d124fb72d9445444f3e82e861ca946f7869e64452451f69e6f337e21e2f01de5b854699c86264a90f77c3a70d3c3b07e0ef28532fd273a71651e2474d4a27dff187f8b60fcbfd9b1d6a9f8af5e8ae8916c76382b3fdd26a7e28e67dd42e4688d202c7a2b0d50ac677522cef1f66be7b387a7050c43a8ea556ab5d5fd79a0818fb1f4043658a32fd0054abd81704816be266d15bafafec9ba850c293ad881623ead047974205ced7a1913d5efa7ea2de5cd5e93e362d76fc16085395ee41ad76d03154e66a24f29de42d7395eee3793788b7b9f94ed3f0b949450fab2cc46b1a649eabd95d5a56756a9db10bc0036dbfb79db5aec592efde253522692b5bbddfa902fd50264d7bb769e9edfb9d584c03c56217efb601f9798c68ae9fadf9add4ce4a74f8b6376dda7efbd7fbe3e3f7efde9aaffe1706f13b35d34b36fbfeda5cacede318916ebec38048b7c86acfdedec1b7499d4f24f6bde5d9853e766662c7db77f3c1cc7c16d3a415efc34c29734bbde75de63932d3e7b1efa35361a9816d274d5bc23c47660a84abdacd9e153e894db49d7bf08199263557cfe0f83ba21fefaa5d2c35fd6c66baa3892bb7f7c751f4c3ec96742f1384179a74f21d24df25ac6563cf1d11ee803e8ec5573f20d2f0177b3f876e7b7b21e4fb58fc76c5094ba233dff6f6d7df7e00fdf6f5f122c4f7b10859e9dc9b66d70ee16ffbc30f637d58800884d20a2735a565f860183717116ae2ca16c1e5797c9b3f4ceab705567aac692bba03c1e473f22fbf4d018295ce058468a1adda13054cf49c5f47be0fd37c0b871022fe4a2e81d6e7c6bfed7f21d3bf1e7fc52f5f37e9778f1710bed5567191b781f1413b76bc62ca0711102cf5eb369b905f1785c3ffc608e1578c90eeaed02e1c4d6e930d19fd0a01f103e35d0008ae74d5f63ae1a937503f385e3523fa4007f007cba32e9a849be84a578c1037a991a4737d64fa980f2c93b11cce62c0ed1d5cac5f9d9c86eee08acda9ff1c9c281bca457a1bc38a7955b6cbb000f86eceb53e08904ec3c88aecdb3e9c17004dc0e93c6629c0cd0b9886d24a54c0f4c35de7040846f82f07c03bebe1b7f40cff55d813846775cc71a016e1ac912e0e13547fc5c84a84c3d2220763116e7f188fe26f5fbf7eb8d3405168a4deefcbab2f743036c451c27d57593f127a52e2ea69b00e4ad30c66c1041c117e5ddabd8cf41ea7a117c7abd87472e704fc1b80db7419d8d543a7a7453f5bf98e09f870c0cd77d4483d8c15f42ca0f9117002f0c3030031630323f52e292de2124b72c98bdddcfcf015b4a0989f151d42cd934380502c8559760962dbd43df83637e92cf42c18e2b16f9a630ffb9be99d97a182864072ef35887b693b461da937d11ecf4e5d7a8df3a1c2d2d7a38709f1794892fc670790f5673cb2514c42b5f723dfe1a46f00486d548b7b01480f06d859a8678ebab034fe3fd0f1949e83de83a81ff5e2e3f90a27cbedc5b6766e3d546cd39e178b6a34cabb244f1e276cc8f71ac2bf238f0261a329f3f3255249a6e2a8882547335c202f1bf905503a9dc9e0d960ed7683ea90aa5eaf5f5eeeef974125d0d55511d4079da06e40b7a09d1d3a3fe311f34ed043d4a6eed277b3bf645a0576775019536d53d67daaa35678c977adb5d65a6badb5d65a6badb5d65a6badd5d5ff034d35ec4d0a4815a30000000049454e44ae426082);

-- --------------------------------------------------------

--
-- Estructura de tabla para la tabla `matches`
--

CREATE TABLE `matches` (
  `id` int(11) NOT NULL,
  `id_tour_detail` int(11) DEFAULT NULL,
  `participant1` varchar(30) DEFAULT NULL,
  `participant2` varchar(20) NOT NULL,
  `player_win` varchar(20) NOT NULL,
  `start` timestamp NULL DEFAULT NULL,
  `finish` timestamp NULL DEFAULT NULL,
  `id_status` int(11) DEFAULT NULL
) ENGINE=InnoDB DEFAULT CHARSET=latin1;

-- --------------------------------------------------------

--
-- Estructura de tabla para la tabla `results`
--

CREATE TABLE `results` (
  `id` int(11) NOT NULL,
  `id_match` int(11) DEFAULT NULL,
  `winners` varchar(15) DEFAULT NULL,
  `description` varchar(50) DEFAULT NULL
) ENGINE=InnoDB DEFAULT CHARSET=latin1;

-- --------------------------------------------------------

--
-- Estructura de tabla para la tabla `roles`
--

CREATE TABLE `roles` (
  `id` int(11) NOT NULL,
  `name` varchar(11) NOT NULL
) ENGINE=InnoDB DEFAULT CHARSET=latin1;

--
-- Volcado de datos para la tabla `roles`
--

INSERT INTO `roles` (`id`, `name`) VALUES
(1, 'Organizador'),
(2, 'Jugador');

-- --------------------------------------------------------

--
-- Estructura de tabla para la tabla `statuses`
--

CREATE TABLE `statuses` (
  `id` int(11) NOT NULL,
  `name` varchar(15) NOT NULL,
  `type_status_id` int(10) NOT NULL
) ENGINE=InnoDB DEFAULT CHARSET=latin1;

--
-- Volcado de datos para la tabla `statuses`
--

INSERT INTO `statuses` (`id`, `name`, `type_status_id`) VALUES
(1, 'Activo', 3),
(2, 'Inactivo', 3),
(3, 'Finalizado', 1),
(4, 'en espera', 1),
(5, 'Inscrito', 2),
(6, 'Pre-inscrito', 2);

-- --------------------------------------------------------

--
-- Estructura de tabla para la tabla `teams`
--

CREATE TABLE `teams` (
  `id` int(11) NOT NULL,
  `name` varchar(15) NOT NULL,
  `id_user` int(11) DEFAULT NULL,
  `logo` blob DEFAULT NULL,
  `description` varchar(50) NOT NULL,
  `password` varchar(15) NOT NULL,
  `id_status` int(11) NOT NULL
) ENGINE=InnoDB DEFAULT CHARSET=latin1;

--
-- Volcado de datos para la tabla `teams`
--

INSERT INTO `teams` (`id`, `name`, `id_user`, `logo`, `description`, `password`, `id_status`) VALUES
(2, 'Aganar', 1, NULL, 'asd', '123', 1),
(5, 'LOS PROS', 12, NULL, 'Vamos a ganar', 'ZddnW', 1),
(7, 'Flotxis', 22, NULL, '', 'DnmUO', 1),
(8, 'Tutorial', 24, NULL, '', 'sCLeM', 1),
(9, 'ChicasPower', 2, NULL, 'Poderes', 'cyEFp', 1),
(10, 'name', 26, NULL, 'asddd', 'E8rFw', 1),
(12, 'ANALISIS', 27, NULL, 'Es un grupo para compartir y ganar', 'cZ2S8', 1),
(13, 'REBORN', 7, NULL, 'VAMOS A VER', 'wQwga', 1),
(14, 'THE DUQUES', 26, NULL, 'VAMOS A VER', 'jdET6', 1),
(15, 'HOLA MIGOUS', 26, NULL, 'VAMOS A VER X3', 'rI4dj', 1);

-- --------------------------------------------------------

--
-- Estructura de tabla para la tabla `team_detail`
--

CREATE TABLE `team_detail` (
  `id` int(11) NOT NULL,
  `nickname` varchar(15) NOT NULL,
  `role` varchar(15) NOT NULL,
  `id_user` int(11) NOT NULL,
  `id_team` int(11) NOT NULL
) ENGINE=InnoDB DEFAULT CHARSET=latin1;

--
-- Volcado de datos para la tabla `team_detail`
--

INSERT INTO `team_detail` (`id`, `nickname`, `role`, `id_user`, `id_team`) VALUES
(3, 'Jorgito', 'Jugador', 7, 9),
(4, 'Jose123', 'Jugador', 24, 7),
(5, 'Juancho', 'Jugador', 19, 9),
(6, 'yeffdon', 'jugador', 26, 15),
(7, 'ZAMI', 'jugador', 25, 9);

-- --------------------------------------------------------

--
-- Estructura de tabla para la tabla `tournaments`
--

CREATE TABLE `tournaments` (
  `id` int(11) NOT NULL,
  `name` varchar(30) DEFAULT NULL,
  `date` datetime DEFAULT NULL,
  `price` varchar(10) DEFAULT NULL,
  `num_matches` int(11) DEFAULT NULL,
  `modality` varchar(15) NOT NULL,
  `id_game` int(11) NOT NULL,
  `id_user` int(11) DEFAULT NULL,
  `id_status` int(11) NOT NULL
) ENGINE=InnoDB DEFAULT CHARSET=latin1;

--
-- Volcado de datos para la tabla `tournaments`
--

INSERT INTO `tournaments` (`id`, `name`, `date`, `price`, `num_matches`, `modality`, `id_game`, `id_user`, `id_status`) VALUES
(1, 'Juegos del hambre minecraft', '2020-09-16 09:31:00', '5000', 16, 'Solo', 4, 1, 1),
(2, 'DORITOS', '2020-09-25 15:57:00', '5000', 16, 'Solo', 4, 1, 1),
(3, 'PLAYES PROS', '2020-09-23 16:13:00', '10000', 8, 'Grupo', 12, 3, 1),
(4, 'TORNEO SENA', '2020-09-17 18:16:00', '4000', 8, 'Solo', 12, 1, 1);

-- --------------------------------------------------------

--
-- Estructura de tabla para la tabla `tour_detail`
--

CREATE TABLE `tour_detail` (
  `id` int(11) NOT NULL,
  `participants` varchar(30) NOT NULL,
  `Email` varchar(30) NOT NULL,
  `status_id` int(10) NOT NULL,
  `id_user` int(10) NOT NULL,
  `id_tournament` int(11) NOT NULL
) ENGINE=InnoDB DEFAULT CHARSET=latin1;

--
-- Volcado de datos para la tabla `tour_detail`
--

INSERT INTO `tour_detail` (`id`, `participants`, `Email`, `status_id`, `id_user`, `id_tournament`) VALUES
(148, 'Niki', 'Niki@gmail.com', 6, 2, 4),
(157, 'Pilki', 'Pilki1@gmail.com', 6, 23, 4),
(159, 'Flotxichab', 'pilki@gmail.com', 5, 22, 4);

-- --------------------------------------------------------

--
-- Estructura de tabla para la tabla `type_status`
--

CREATE TABLE `type_status` (
  `id` int(10) NOT NULL,
  `name` varchar(10) NOT NULL
) ENGINE=InnoDB DEFAULT CHARSET=utf8mb4;

--
-- Volcado de datos para la tabla `type_status`
--

INSERT INTO `type_status` (`id`, `name`) VALUES
(1, 'tournament'),
(2, 'maches'),
(3, 'user');

-- --------------------------------------------------------

--
-- Estructura de tabla para la tabla `users`
--

CREATE TABLE `users` (
  `id` int(11) NOT NULL,
  `name` varchar(15) NOT NULL,
  `last_name` varchar(30) NOT NULL,
  `nickname` varchar(15) NOT NULL,
  `level` int(4) NOT NULL,
  `email` varchar(20) NOT NULL,
  `password` varchar(20) NOT NULL,
  `image_id` int(11) DEFAULT NULL,
  `id_status` int(11) NOT NULL,
  `id_rol` int(11) NOT NULL
) ENGINE=InnoDB DEFAULT CHARSET=latin1;

--
-- Volcado de datos para la tabla `users`
--

INSERT INTO `users` (`id`, `name`, `last_name`, `nickname`, `level`, `email`, `password`, `image_id`, `id_status`, `id_rol`) VALUES
(1, 'Luis', 'Novoa', 'Luispp', 1000, 'luisfranciski@gmail.', '123', 2, 1, 1),
(2, 'Nicole', 'Pinilla', 'Niki', 1, 'Niki@gmail.com', '123', 1, 1, 2),
(3, 'Juan ', 'Madero', 'pparcoiris', 1000, 'juan@gmail.com', '123', 1, 1, 1),
(7, 'Jorge', 'Rocha', 'Jorgito', 1, 'Jorge@gmai.com', '123', 1, 1, 2),
(12, 'Andres', 'Vargas', 'floxts', 1, 'andres@gmail.com', '123', 1, 1, 2),
(19, 'Juan ', 'perez', 'Juancho', 1, 'Juancho@gmail.com', '123', 1, 1, 2),
(21, 'Maria', 'Carmensa', 'Marine19', 1, 'maria@gmail.com', '123', 1, 1, 2),
(22, 'Andres', 'Madero1', 'Flotxichab', 1, 'pilki@gmail.com', '123456', 1, 1, 2),
(23, 'Andres', 'Madero', 'Pilki', 1, 'Pilki1@gmail.com', '123', 1, 1, 2),
(24, 'Jose', 'Gomez', 'Jose123', 1, 'josess@gmail.com', '123', 1, 1, 2),
(25, 'Zarith', 'Lopez', 'ZAMI', 1, 'zarith@gmail.com', '123', 1, 1, 2),
(26, 'Yeferson', 'Sisa', 'yeffdon', 1, 'yeferson@gmail.com', '123', 1, 1, 2),
(27, 'Daniel', 'Moreno', 'Danielito', 1, 'danielMoreno@gmail.c', '123456789', 1, 1, 2);

-- --------------------------------------------------------

--
-- Estructura Stand-in para la vista `vw_tournament`
-- (Véase abajo para la vista actual)
--
CREATE TABLE `vw_tournament` (
`id` int(11)
,`name` varchar(30)
,`date` datetime
,`price` varchar(10)
,`num_matches` int(11)
,`id_user` int(11)
);

-- --------------------------------------------------------

--
-- Estructura para la vista `vw_tournament`
--
DROP TABLE IF EXISTS `vw_tournament`;

CREATE ALGORITHM=UNDEFINED DEFINER=`root`@`localhost` SQL SECURITY DEFINER VIEW `vw_tournament`  AS  select `tournaments`.`id` AS `id`,`tournaments`.`name` AS `name`,`tournaments`.`date` AS `date`,`tournaments`.`price` AS `price`,`tournaments`.`num_matches` AS `num_matches`,`tournaments`.`id_user` AS `id_user` from `tournaments` ;

--
-- Índices para tablas volcadas
--

--
-- Indices de la tabla `games`
--
ALTER TABLE `games`
  ADD PRIMARY KEY (`id`),
  ADD UNIQUE KEY `name` (`name`),
  ADD KEY `fk` (`status_id`);

--
-- Indices de la tabla `images`
--
ALTER TABLE `images`
  ADD PRIMARY KEY (`id`),
  ADD UNIQUE KEY `name` (`name`);

--
-- Indices de la tabla `matches`
--
ALTER TABLE `matches`
  ADD PRIMARY KEY (`id`),
  ADD KEY `id_status` (`id_status`),
  ADD KEY `id_tour_detail` (`id_tour_detail`);

--
-- Indices de la tabla `results`
--
ALTER TABLE `results`
  ADD PRIMARY KEY (`id`),
  ADD KEY `id_match` (`id_match`);

--
-- Indices de la tabla `roles`
--
ALTER TABLE `roles`
  ADD PRIMARY KEY (`id`);

--
-- Indices de la tabla `statuses`
--
ALTER TABLE `statuses`
  ADD PRIMARY KEY (`id`),
  ADD KEY `FK_ID_STATUS_TYPE_S` (`type_status_id`);

--
-- Indices de la tabla `teams`
--
ALTER TABLE `teams`
  ADD PRIMARY KEY (`id`),
  ADD UNIQUE KEY `name` (`name`),
  ADD KEY `id_user` (`id_user`),
  ADD KEY `id_status` (`id_status`);

--
-- Indices de la tabla `team_detail`
--
ALTER TABLE `team_detail`
  ADD PRIMARY KEY (`id`),
  ADD KEY `id_team` (`id_team`),
  ADD KEY `FK_USER_TD` (`id_user`);

--
-- Indices de la tabla `tournaments`
--
ALTER TABLE `tournaments`
  ADD PRIMARY KEY (`id`),
  ADD KEY `id_user` (`id_user`),
  ADD KEY `id_status` (`id_status`),
  ADD KEY `id_game` (`id_game`);

--
-- Indices de la tabla `tour_detail`
--
ALTER TABLE `tour_detail`
  ADD PRIMARY KEY (`id`),
  ADD UNIQUE KEY `participants` (`participants`),
  ADD UNIQUE KEY `Email` (`Email`),
  ADD KEY `id_tournament` (`id_tournament`),
  ADD KEY `FK_id_user_td` (`id_user`),
  ADD KEY `FK_STATUS_ID_TD` (`status_id`);

--
-- Indices de la tabla `type_status`
--
ALTER TABLE `type_status`
  ADD PRIMARY KEY (`id`);

--
-- Indices de la tabla `users`
--
ALTER TABLE `users`
  ADD PRIMARY KEY (`id`),
  ADD UNIQUE KEY `email` (`email`),
  ADD UNIQUE KEY `nickname` (`nickname`),
  ADD KEY `id_status` (`id_status`,`id_rol`),
  ADD KEY `id_rol` (`id_rol`),
  ADD KEY `fk_IMAGE_US` (`image_id`);

--
-- AUTO_INCREMENT de las tablas volcadas
--

--
-- AUTO_INCREMENT de la tabla `games`
--
ALTER TABLE `games`
  MODIFY `id` int(11) NOT NULL AUTO_INCREMENT, AUTO_INCREMENT=15;

--
-- AUTO_INCREMENT de la tabla `images`
--
ALTER TABLE `images`
  MODIFY `id` int(11) NOT NULL AUTO_INCREMENT, AUTO_INCREMENT=4;

--
-- AUTO_INCREMENT de la tabla `matches`
--
ALTER TABLE `matches`
  MODIFY `id` int(11) NOT NULL AUTO_INCREMENT;

--
-- AUTO_INCREMENT de la tabla `results`
--
ALTER TABLE `results`
  MODIFY `id` int(11) NOT NULL AUTO_INCREMENT;

--
-- AUTO_INCREMENT de la tabla `roles`
--
ALTER TABLE `roles`
  MODIFY `id` int(11) NOT NULL AUTO_INCREMENT, AUTO_INCREMENT=3;

--
-- AUTO_INCREMENT de la tabla `statuses`
--
ALTER TABLE `statuses`
  MODIFY `id` int(11) NOT NULL AUTO_INCREMENT, AUTO_INCREMENT=7;

--
-- AUTO_INCREMENT de la tabla `teams`
--
ALTER TABLE `teams`
  MODIFY `id` int(11) NOT NULL AUTO_INCREMENT, AUTO_INCREMENT=16;

--
-- AUTO_INCREMENT de la tabla `team_detail`
--
ALTER TABLE `team_detail`
  MODIFY `id` int(11) NOT NULL AUTO_INCREMENT, AUTO_INCREMENT=8;

--
-- AUTO_INCREMENT de la tabla `tournaments`
--
ALTER TABLE `tournaments`
  MODIFY `id` int(11) NOT NULL AUTO_INCREMENT, AUTO_INCREMENT=6;

--
-- AUTO_INCREMENT de la tabla `tour_detail`
--
ALTER TABLE `tour_detail`
  MODIFY `id` int(11) NOT NULL AUTO_INCREMENT, AUTO_INCREMENT=160;

--
-- AUTO_INCREMENT de la tabla `type_status`
--
ALTER TABLE `type_status`
  MODIFY `id` int(10) NOT NULL AUTO_INCREMENT, AUTO_INCREMENT=4;

--
-- AUTO_INCREMENT de la tabla `users`
--
ALTER TABLE `users`
  MODIFY `id` int(11) NOT NULL AUTO_INCREMENT, AUTO_INCREMENT=28;

--
-- Restricciones para tablas volcadas
--

--
-- Filtros para la tabla `games`
--
ALTER TABLE `games`
  ADD CONSTRAINT `FK_STATUS_GA` FOREIGN KEY (`status_id`) REFERENCES `statuses` (`id`) ON DELETE CASCADE;

--
-- Filtros para la tabla `matches`
--
ALTER TABLE `matches`
  ADD CONSTRAINT `matches_ibfk_1` FOREIGN KEY (`id_status`) REFERENCES `statuses` (`id`) ON DELETE CASCADE,
  ADD CONSTRAINT `matches_ibfk_2` FOREIGN KEY (`id_tour_detail`) REFERENCES `tour_detail` (`id`) ON DELETE CASCADE;

--
-- Filtros para la tabla `results`
--
ALTER TABLE `results`
  ADD CONSTRAINT `results_ibfk_1` FOREIGN KEY (`id_match`) REFERENCES `matches` (`id`) ON DELETE CASCADE;

--
-- Filtros para la tabla `statuses`
--
ALTER TABLE `statuses`
  ADD CONSTRAINT `FK_ID_STATUS_TYPE_S` FOREIGN KEY (`type_status_id`) REFERENCES `type_status` (`id`) ON DELETE CASCADE;

--
-- Filtros para la tabla `teams`
--
ALTER TABLE `teams`
  ADD CONSTRAINT `teams_ibfk_1` FOREIGN KEY (`id_status`) REFERENCES `statuses` (`id`) ON DELETE CASCADE,
  ADD CONSTRAINT `teams_ibfk_2` FOREIGN KEY (`id_user`) REFERENCES `users` (`id`) ON DELETE CASCADE;

--
-- Filtros para la tabla `team_detail`
--
ALTER TABLE `team_detail`
  ADD CONSTRAINT `FK_TEAM_TD` FOREIGN KEY (`id_team`) REFERENCES `teams` (`id`) ON DELETE CASCADE,
  ADD CONSTRAINT `FK_USER_TD` FOREIGN KEY (`id_user`) REFERENCES `users` (`id`) ON DELETE CASCADE;

--
-- Filtros para la tabla `tournaments`
--
ALTER TABLE `tournaments`
  ADD CONSTRAINT `tournaments_ibfk_1` FOREIGN KEY (`id_user`) REFERENCES `users` (`id`) ON DELETE CASCADE,
  ADD CONSTRAINT `tournaments_ibfk_2` FOREIGN KEY (`id_status`) REFERENCES `statuses` (`id`) ON DELETE CASCADE,
  ADD CONSTRAINT `tournaments_ibfk_3` FOREIGN KEY (`id_game`) REFERENCES `games` (`id`) ON DELETE CASCADE;

--
-- Filtros para la tabla `tour_detail`
--
ALTER TABLE `tour_detail`
  ADD CONSTRAINT `FK_STATUS_ID_TD` FOREIGN KEY (`status_id`) REFERENCES `statuses` (`id`) ON DELETE CASCADE,
  ADD CONSTRAINT `FK_id_user_td` FOREIGN KEY (`id_user`) REFERENCES `users` (`id`) ON DELETE CASCADE,
  ADD CONSTRAINT `tour_detail_ibfk_1` FOREIGN KEY (`id_tournament`) REFERENCES `tournaments` (`id`) ON DELETE CASCADE;

--
-- Filtros para la tabla `users`
--
ALTER TABLE `users`
  ADD CONSTRAINT `FK_STATUS_ES` FOREIGN KEY (`id_status`) REFERENCES `statuses` (`id`) ON DELETE CASCADE,
  ADD CONSTRAINT `fk_IMAGE_US` FOREIGN KEY (`image_id`) REFERENCES `images` (`id`) ON DELETE CASCADE,
  ADD CONSTRAINT `fk_ROLE_US` FOREIGN KEY (`id_rol`) REFERENCES `roles` (`id`) ON DELETE CASCADE;
COMMIT;

/*!40101 SET CHARACTER_SET_CLIENT=@OLD_CHARACTER_SET_CLIENT */;
/*!40101 SET CHARACTER_SET_RESULTS=@OLD_CHARACTER_SET_RESULTS */;
/*!40101 SET COLLATION_CONNECTION=@OLD_COLLATION_CONNECTION */;
